customer_id,name,email,city,signup_date
C000001,Opung Saefullah,customeropungsaefullah@example.com,Semarang,2021-04-01
C000002,Okto Jailani,customeroktojailani@example.com,Bekasi,2022-07-03
C000003,drg. Ami Dabukke,customerdrg.amidabukke@example.com,Bandung,2020-12-22
C000004,Johan Suartini,customerjohansuartini@example.com,Jakarta,2022-06-14
C000005,"Sadina Palastri, S.Farm","customersadinapalastri,s.farm@example.com",Semarang,2022-03-25
C000006,Tgk. Yessi Ardianto,customertgk.yessiardianto@example.com,Surabaya,2025-01-13
C000007,Indah Mangunsong,customerindahmangunsong@example.com,Semarang,2024-09-27
C000008,Bakiman Wibowo,customerbakimanwibowo@example.com,Bandung,2023-10-10
C000009,"dr. Rahmi Saptono, S.Gz","customerdr.rahmisaptono,s.gz@example.com",Denpasar,2024-01-10
C000010,Cindy Puspasari,customercindypuspasari@example.com,Yogyakarta,2021-05-26
C000011,R.A. Tiara Hidayat,customerr.a.tiarahidayat@example.com,Jakarta,2024-01-21
C000012,"T. Bahuwirya Pradipta, S.IP","customert.bahuwiryapradipta,s.ip@example.com",Makassar,2022-07-22
C000013,Siska Utama,customersiskautama@example.com,Surabaya,2023-02-12
C000014,Fathonah Winarsih,customerfathonahwinarsih@example.com,Yogyakarta,2024-02-25
C000015,Hj. Ella Nasyidah,customerhj.ellanasyidah@example.com,Semarang,2020-10-19
C000016,Kezia Saputra,customerkeziasaputra@example.com,Bekasi,2021-10-31
C000017,"Gamani Hakim, S.H.","customergamanihakim,s.h.@example.com",Jakarta,2022-06-18
C000018,Hasna Haryanto,customerhasnaharyanto@example.com,Semarang,2023-07-16
C000019,Marwata Mandasari,customermarwatamandasari@example.com,Makassar,2023-07-12
C000020,Eman Mandala,customeremanmandala@example.com,Semarang,2025-02-22
C000021,"Restu Aryani, M.Farm","customerrestuaryani,m.farm@example.com",Makassar,2022-12-12
C000022,Cahyo Melani,customercahyomelani@example.com,Denpasar,2024-01-22
C000023,"Dt. Satya Kusumo, S.E.I","customerdt.satyakusumo,s.e.i@example.com",Surabaya,2021-01-07
C000024,Puti Kiandra Wibowo,customerputikiandrawibowo@example.com,Tangerang,2024-09-25
C000025,T. Kadir Anggriawan,customert.kadiranggriawan@example.com,Bandung,2025-04-01
C000026,"Ir. Ganep Kusumo, S.Pd","customerir.ganepkusumo,s.pd@example.com",Makassar,2022-12-28
C000027,Ade Saptono,customeradesaptono@example.com,Bekasi,2021-10-09
C000028,R. Tedi Utami,customerr.tediutami@example.com,Yogyakarta,2022-01-01
C000029,R.A. Eva Wahyudin,customerr.a.evawahyudin@example.com,Surabaya,2025-09-10
C000030,Liman Sinaga,customerlimansinaga@example.com,Denpasar,2025-12-12
C000031,Wisnu Tarihoran,customerwisnutarihoran@example.com,Yogyakarta,2020-03-20
C000032,Dimas Purnawati,customerdimaspurnawati@example.com,Bandung,2022-09-07
C000033,"Nova Hidayat, M.Pd","customernovahidayat,m.pd@example.com",Surabaya,2020-12-16
C000034,"Jaswadi Pudjiastuti, S.E.","customerjaswadipudjiastuti,s.e.@example.com",Yogyakarta,2021-06-09
C000035,"Ir. Lintang Prabowo, M.Pd","customerir.lintangprabowo,m.pd@example.com",Semarang,2025-12-01
C000036,Salsabila Yulianti,customersalsabilayulianti@example.com,Medan,2023-06-30
C000037,drg. Banawa Prayoga,customerdrg.banawaprayoga@example.com,Semarang,2024-11-29
C000038,Ayu Rahmawati,customerayurahmawati@example.com,Bekasi,2020-09-19
C000039,R.A. Agnes Hidayanto,customerr.a.agneshidayanto@example.com,Jakarta,2022-07-31
C000040,Utama Firmansyah,customerutamafirmansyah@example.com,Medan,2022-07-26
C000041,Sutan Estiawan Winarsih,customersutanestiawanwinarsih@example.com,Denpasar,2020-10-17
C000042,R.M. Nyoman Pertiwi,customerr.m.nyomanpertiwi@example.com,Tangerang,2022-05-27
C000043,Purwanto Kusmawati,customerpurwantokusmawati@example.com,Makassar,2025-04-20
C000044,Bakti Wahyuni,customerbaktiwahyuni@example.com,Makassar,2022-02-18
C000045,Laras Hastuti,customerlarashastuti@example.com,Jakarta,2023-12-22
C000046,Hadi Sirait,customerhadisirait@example.com,Bandung,2021-02-07
C000047,Dadap Nasyiah,customerdadapnasyiah@example.com,Denpasar,2022-10-15
C000048,Elvina Setiawan,customerelvinasetiawan@example.com,Denpasar,2021-07-28
C000049,"Puti Maimunah Pudjiastuti, S.IP","customerputimaimunahpudjiastuti,s.ip@example.com",Jakarta,2022-10-20
C000050,Wira Prakasa,customerwiraprakasa@example.com,Surabaya,2020-03-01
C000051,Novi Prabowo,customernoviprabowo@example.com,Makassar,2024-07-22
C000052,Harjasa Adriansyah,customerharjasaadriansyah@example.com,Makassar,2020-08-28
C000053,"KH. Jaeman Suwarno, S.Farm","customerkh.jaemansuwarno,s.farm@example.com",Bekasi,2022-12-22
C000054,Dadap Sihombing,customerdadapsihombing@example.com,Semarang,2025-06-16
C000055,Drs. Almira Sihotang,customerdrs.almirasihotang@example.com,Jakarta,2020-08-27
C000056,Dr. Olivia Nuraini,customerdr.olivianuraini@example.com,Surabaya,2020-07-24
C000057,R. Soleh Nashiruddin,customerr.solehnashiruddin@example.com,Bandung,2020-08-20
C000058,"Setya Prakasa, S.Sos","customersetyaprakasa,s.sos@example.com",Bandung,2020-10-05
C000059,Ir. Azalea Safitri,customerir.azaleasafitri@example.com,Bandung,2022-10-05
C000060,"Lamar Pratiwi, M.TI.","customerlamarpratiwi,m.ti.@example.com",Medan,2024-09-13
C000061,Mulyono Sihotang,customermulyonosihotang@example.com,Semarang,2022-12-04
C000062,Diah Winarsih,customerdiahwinarsih@example.com,Yogyakarta,2022-12-23
C000063,Umi Hidayanto,customerumihidayanto@example.com,Jakarta,2025-02-15
C000064,Ir. Cinthia Hidayanto,customerir.cinthiahidayanto@example.com,Bekasi,2025-02-20
C000065,T. Cahyadi Tampubolon,customert.cahyaditampubolon@example.com,Bandung,2022-05-23
C000066,Intan Manullang,customerintanmanullang@example.com,Denpasar,2022-09-27
C000067,Hj. Paris Anggriawan,customerhj.parisanggriawan@example.com,Bekasi,2023-05-24
C000068,"Bala Mansur, S.T.","customerbalamansur,s.t.@example.com",Bandung,2023-05-11
C000069,"Puspa Mangunsong, S.T.","customerpuspamangunsong,s.t.@example.com",Yogyakarta,2021-03-14
C000070,"Jasmin Putra, S.T.","customerjasminputra,s.t.@example.com",Bekasi,2022-05-12
C000071,Zulfa Habibi,customerzulfahabibi@example.com,Bandung,2025-06-24
C000072,"Tgk. Aurora Adriansyah, S.Psi","customertgk.auroraadriansyah,s.psi@example.com",Surabaya,2024-09-30
C000073,Opung Handayani,customeropunghandayani@example.com,Bekasi,2022-12-08
C000074,Dt. Balidin Hutagalung,customerdt.balidinhutagalung@example.com,Surabaya,2024-10-17
C000075,"dr. Restu Puspasari, S.E.I","customerdr.restupuspasari,s.e.i@example.com",Makassar,2020-05-27
C000076,Gaiman Utama,customergaimanutama@example.com,Jakarta,2021-06-06
C000077,Mahmud Prayoga,customermahmudprayoga@example.com,Bandung,2024-01-05
C000078,"Dr. Tasdik Wasita, M.Ak","customerdr.tasdikwasita,m.ak@example.com",Surabaya,2023-12-19
C000079,"R. Wirda Nugroho, S.Farm","customerr.wirdanugroho,s.farm@example.com",Jakarta,2022-08-27
C000080,"Juli Zulkarnain, S.H.","customerjulizulkarnain,s.h.@example.com",Yogyakarta,2022-01-04
C000081,"H. Balangga Wibowo, S.Gz","customerh.balanggawibowo,s.gz@example.com",Denpasar,2021-10-14
C000082,Rendy Haryanti,customerrendyharyanti@example.com,Medan,2022-06-30
C000083,"R.A. Genta Dongoran, S.Kom","customerr.a.gentadongoran,s.kom@example.com",Makassar,2023-06-04
C000084,Zelaya Hidayat,customerzelayahidayat@example.com,Yogyakarta,2023-09-06
C000085,"Kacung Wacana, M.Pd","customerkacungwacana,m.pd@example.com",Medan,2023-12-09
C000086,Tomi Rajata,customertomirajata@example.com,Surabaya,2020-04-23
C000087,Balangga Riyanti,customerbalanggariyanti@example.com,Makassar,2022-12-23
C000088,"Winda Sihotang, S.Farm","customerwindasihotang,s.farm@example.com",Tangerang,2023-11-16
C000089,Harsana Permata,customerharsanapermata@example.com,Semarang,2025-09-25
C000090,Nugraha Fujiati,customernugrahafujiati@example.com,Jakarta,2022-11-09
C000091,"Dr. Mahfud Winarsih, S.Kom","customerdr.mahfudwinarsih,s.kom@example.com",Medan,2025-10-30
C000092,Warta Widiastuti,customerwartawidiastuti@example.com,Medan,2024-11-01
C000093,"Samsul Maheswara, S.Pd","customersamsulmaheswara,s.pd@example.com",Bekasi,2023-07-09
C000094,"Hasan Simbolon, S.Sos","customerhasansimbolon,s.sos@example.com",Yogyakarta,2023-06-20
C000095,Imam Widiastuti,customerimamwidiastuti@example.com,Makassar,2021-06-05
C000096,Ir. Ilsa Waskita,customerir.ilsawaskita@example.com,Bekasi,2021-12-13
C000097,Irma Pranowo,customerirmapranowo@example.com,Makassar,2020-01-02
C000098,Maimunah Handayani,customermaimunahhandayani@example.com,Semarang,2023-08-12
C000099,Wulan Narpati,customerwulannarpati@example.com,Bandung,2025-09-24
C000100,Ir. Mahesa Safitri,customerir.mahesasafitri@example.com,Medan,2023-03-08
C000101,"R.A. Samiah Saragih, S.H.","customerr.a.samiahsaragih,s.h.@example.com",Semarang,2021-01-17
C000102,Arsipatra Prasasta,customerarsipatraprasasta@example.com,Denpasar,2021-08-26
C000103,Lidya Usamah,customerlidyausamah@example.com,Tangerang,2020-10-25
C000104,"Tami Winarno, M.Kom.","customertamiwinarno,m.kom.@example.com",Makassar,2022-03-07
C000105,Marwata Ardianto,customermarwataardianto@example.com,Bandung,2022-09-26
C000106,Cecep Maryati,customercecepmaryati@example.com,Denpasar,2024-10-07
C000107,Sutan Vero Maheswara,customersutanveromaheswara@example.com,Denpasar,2020-07-24
C000108,"drg. Mulyanto Nuraini, M.Pd","customerdrg.mulyantonuraini,m.pd@example.com",Tangerang,2021-06-30
C000109,"drg. Luwar Mayasari, S.Farm","customerdrg.luwarmayasari,s.farm@example.com",Bekasi,2023-07-23
C000110,Paiman Kusmawati,customerpaimankusmawati@example.com,Denpasar,2024-12-31
C000111,"Sutan Saadat Uyainah, S.T.","customersutansaadatuyainah,s.t.@example.com",Bekasi,2022-11-27
C000112,"Digdaya Saefullah, M.M.","customerdigdayasaefullah,m.m.@example.com",Bandung,2025-06-07
C000113,Empluk Sitorus,customerempluksitorus@example.com,Medan,2023-03-16
C000114,Cakrawangsa Pradipta,customercakrawangsapradipta@example.com,Makassar,2020-11-26
C000115,"Gabriella Haryanto, S.Farm","customergabriellaharyanto,s.farm@example.com",Makassar,2021-09-17
C000116,drg. Heryanto Halim,customerdrg.heryantohalim@example.com,Semarang,2023-09-17
C000117,Vera Padmasari,customerverapadmasari@example.com,Jakarta,2024-09-16
C000118,Agnes Thamrin,customeragnesthamrin@example.com,Yogyakarta,2024-04-07
C000119,"drg. Paulin Palastri, M.Ak","customerdrg.paulinpalastri,m.ak@example.com",Semarang,2024-05-16
C000120,Empluk Fujiati,customeremplukfujiati@example.com,Denpasar,2025-06-22
C000121,Jessica Winarsih,customerjessicawinarsih@example.com,Makassar,2020-04-28
C000122,"Dr. Dian Oktaviani, M.Pd","customerdr.dianoktaviani,m.pd@example.com",Jakarta,2021-11-07
C000123,Ir. Salimah Dongoran,customerir.salimahdongoran@example.com,Bandung,2024-06-01
C000124,Sakti Hariyah,customersaktihariyah@example.com,Surabaya,2024-10-21
C000125,Kezia Simbolon,customerkeziasimbolon@example.com,Semarang,2020-07-24
C000126,Jessica Wibowo,customerjessicawibowo@example.com,Yogyakarta,2025-02-05
C000127,Zahra Hutapea,customerzahrahutapea@example.com,Denpasar,2024-09-22
C000128,"Puput Habibi, S.I.Kom","customerpuputhabibi,s.i.kom@example.com",Semarang,2020-03-20
C000129,"Ir. Arta Dabukke, S.H.","customerir.artadabukke,s.h.@example.com",Semarang,2020-10-08
C000130,R. Halima Mahendra,customerr.halimamahendra@example.com,Denpasar,2020-03-24
C000131,R.A. Nadia Rajasa,customerr.a.nadiarajasa@example.com,Medan,2021-04-13
C000132,Ir. Ulva Latupono,customerir.ulvalatupono@example.com,Surabaya,2021-11-18
C000133,Labuh Dongoran,customerlabuhdongoran@example.com,Yogyakarta,2023-06-28
C000134,Tina Napitupulu,customertinanapitupulu@example.com,Bandung,2024-03-17
C000135,Mursinin Sihombing,customermursininsihombing@example.com,Tangerang,2022-09-21
C000136,"Drs. Purwa Gunarto, S.I.Kom","customerdrs.purwagunarto,s.i.kom@example.com",Bekasi,2021-05-10
C000137,"Hairyanto Hidayat, M.TI.","customerhairyantohidayat,m.ti.@example.com",Medan,2024-10-20
C000138,"drg. Yuni Lestari, S.IP","customerdrg.yunilestari,s.ip@example.com",Makassar,2020-02-21
C000139,"Tri Haryanti, S.E.I","customertriharyanti,s.e.i@example.com",Makassar,2024-01-23
C000140,"Putri Yulianti, S.T.","customerputriyulianti,s.t.@example.com",Tangerang,2021-12-22
C000141,Maya Rahayu,customermayarahayu@example.com,Yogyakarta,2025-06-03
C000142,"R.A. Yance Irawan, S.T.","customerr.a.yanceirawan,s.t.@example.com",Denpasar,2023-08-13
C000143,"drg. Kairav Suryatmi, S.Sos","customerdrg.kairavsuryatmi,s.sos@example.com",Medan,2022-09-25
C000144,Zizi Simbolon,customerzizisimbolon@example.com,Surabaya,2020-04-27
C000145,Garang Rajata,customergarangrajata@example.com,Medan,2025-06-20
C000146,Tgk. Puti Anggriawan,customertgk.putianggriawan@example.com,Bekasi,2023-02-19
C000147,Dimas Wasita,customerdimaswasita@example.com,Denpasar,2022-02-21
C000148,"Nabila Yuliarti, M.Kom.","customernabilayuliarti,m.kom.@example.com",Denpasar,2022-09-11
C000149,Emil Prasetya,customeremilprasetya@example.com,Makassar,2020-03-11
C000150,Salimah Prastuti,customersalimahprastuti@example.com,Medan,2022-09-23
C000151,Dr. Gangsar Anggraini,customerdr.gangsaranggraini@example.com,Bekasi,2025-04-22
C000152,Tira Hasanah,customertirahasanah@example.com,Yogyakarta,2023-09-16
C000153,Gina Lazuardi,customerginalazuardi@example.com,Semarang,2023-06-09
C000154,Paiman Nasyiah,customerpaimannasyiah@example.com,Surabaya,2023-07-16
C000155,Okta Laksmiwati,customeroktalaksmiwati@example.com,Yogyakarta,2022-02-23
C000156,Tgk. Cinthia Nababan,customertgk.cinthianababan@example.com,Yogyakarta,2025-11-18
C000157,Elma Sihombing,customerelmasihombing@example.com,Jakarta,2022-07-20
C000158,Endra Gunawan,customerendragunawan@example.com,Jakarta,2025-12-27
C000159,"Dian Uyainah, M.Kom.","customerdianuyainah,m.kom.@example.com",Bandung,2023-04-11
C000160,Tgk. Nadine Kuswandari,customertgk.nadinekuswandari@example.com,Denpasar,2020-02-20
C000161,Aslijan Ramadan,customeraslijanramadan@example.com,Denpasar,2023-10-27
C000162,"Puti Lalita Lestari, S.Pt","customerputilalitalestari,s.pt@example.com",Tangerang,2021-04-12
C000163,Cakrawala Pratiwi,customercakrawalapratiwi@example.com,Yogyakarta,2020-08-07
C000164,Banara Puspita,customerbanarapuspita@example.com,Makassar,2020-12-14
C000165,"Dr. Harjasa Hartati, M.M.","customerdr.harjasahartati,m.m.@example.com",Yogyakarta,2022-07-13
C000166,Qori Safitri,customerqorisafitri@example.com,Jakarta,2024-10-22
C000167,"Sutan Luis Prabowo, S.T.","customersutanluisprabowo,s.t.@example.com",Bandung,2021-02-10
C000168,Cawuk Puspasari,customercawukpuspasari@example.com,Bandung,2021-10-05
C000169,Hasan Hartati,customerhasanhartati@example.com,Tangerang,2021-10-03
C000170,Ami Pradipta,customeramipradipta@example.com,Yogyakarta,2025-04-08
C000171,"Zelda Hasanah, S.Pt","customerzeldahasanah,s.pt@example.com",Semarang,2023-03-04
C000172,"KH. Luis Rahmawati, S.Kom","customerkh.luisrahmawati,s.kom@example.com",Makassar,2022-12-19
C000173,Sutan Marsudi Maryadi,customersutanmarsudimaryadi@example.com,Yogyakarta,2021-04-15
C000174,Asmuni Marbun,customerasmunimarbun@example.com,Yogyakarta,2021-08-05
C000175,Dewi Hastuti,customerdewihastuti@example.com,Yogyakarta,2023-03-28
C000176,Olivia Namaga,customerolivianamaga@example.com,Denpasar,2024-07-06
C000177,Liman Gunarto,customerlimangunarto@example.com,Makassar,2024-11-28
C000178,Tgk. Aisyah Iswahyudi,customertgk.aisyahiswahyudi@example.com,Semarang,2023-08-13
C000179,"Ir. Rizki Santoso, M.Farm","customerir.rizkisantoso,m.farm@example.com",Jakarta,2020-03-25
C000180,Padma Yulianti,customerpadmayulianti@example.com,Denpasar,2021-12-18
C000181,Lanang Fujiati,customerlanangfujiati@example.com,Denpasar,2023-02-13
C000182,Kamaria Wasita,customerkamariawasita@example.com,Medan,2021-01-08
C000183,"Bala Marpaung, S.Psi","customerbalamarpaung,s.psi@example.com",Makassar,2023-08-08
C000184,Salimah Wacana,customersalimahwacana@example.com,Bekasi,2025-07-22
C000185,Clara Sihotang,customerclarasihotang@example.com,Yogyakarta,2020-05-30
C000186,Prasetyo Waskita,customerprasetyowaskita@example.com,Bekasi,2023-08-17
C000187,"Tedi Namaga, M.M.","customertedinamaga,m.m.@example.com",Makassar,2020-01-05
C000188,Karja Tarihoran,customerkarjatarihoran@example.com,Tangerang,2020-08-10
C000189,"Ilyas Habibi, S.Kom","customerilyashabibi,s.kom@example.com",Yogyakarta,2025-08-03
C000190,Maida Laksita,customermaidalaksita@example.com,Bandung,2021-06-20
C000191,"Lulut Permadi, S.E.","customerlulutpermadi,s.e.@example.com",Yogyakarta,2020-04-28
C000192,dr. Bakiman Prasetyo,customerdr.bakimanprasetyo@example.com,Bandung,2020-02-26
C000193,Marsudi Mangunsong,customermarsudimangunsong@example.com,Denpasar,2025-03-05
C000194,H. Empluk Agustina,customerh.emplukagustina@example.com,Denpasar,2023-04-10
C000195,Jaga Puspasari,customerjagapuspasari@example.com,Surabaya,2025-04-18
C000196,Viman Rahimah,customervimanrahimah@example.com,Bekasi,2024-04-20
C000197,"Puti Ika Agustina, S.Psi","customerputiikaagustina,s.psi@example.com",Bekasi,2021-07-13
C000198,"Cut Intan Salahudin, M.Farm","customercutintansalahudin,m.farm@example.com",Tangerang,2022-12-30
C000199,"R. Melinda Nasyiah, M.Kom.","customerr.melindanasyiah,m.kom.@example.com",Medan,2025-06-28
C000200,KH. Kenari Waluyo,customerkh.kenariwaluyo@example.com,Denpasar,2023-09-23
C000201,"R.A. Tami Permadi, M.Farm","customerr.a.tamipermadi,m.farm@example.com",Makassar,2023-08-11
C000202,"drg. Aurora Simanjuntak, M.Kom.","customerdrg.aurorasimanjuntak,m.kom.@example.com",Makassar,2022-08-14
C000203,"Prima Yulianti, S.E.I","customerprimayulianti,s.e.i@example.com",Denpasar,2024-04-30
C000204,Jefri Rahayu,customerjefrirahayu@example.com,Medan,2020-05-31
C000205,"Dr. Cinthia Novitasari, M.M.","customerdr.cinthianovitasari,m.m.@example.com",Jakarta,2021-02-15
C000206,Safina Mangunsong,customersafinamangunsong@example.com,Bandung,2021-08-13
C000207,"T. Gandi Oktaviani, S.Sos","customert.gandioktaviani,s.sos@example.com",Bandung,2025-04-07
C000208,"Hj. Zamira Nasyidah, S.Sos","customerhj.zamiranasyidah,s.sos@example.com",Medan,2023-09-07
C000209,"Drs. Ani Safitri, S.Pt","customerdrs.anisafitri,s.pt@example.com",Semarang,2025-06-21
C000210,Pangeran Iswahyudi,customerpangeraniswahyudi@example.com,Makassar,2023-03-23
C000211,"Ir. Niyaga Januar, M.M.","customerir.niyagajanuar,m.m.@example.com",Surabaya,2021-02-07
C000212,Arsipatra Simbolon,customerarsipatrasimbolon@example.com,Jakarta,2023-05-11
C000213,Kasiyah Astuti,customerkasiyahastuti@example.com,Surabaya,2023-04-16
C000214,dr. Karya Zulaika,customerdr.karyazulaika@example.com,Surabaya,2022-09-27
C000215,Bahuwirya Suryatmi,customerbahuwiryasuryatmi@example.com,Makassar,2021-11-27
C000216,Restu Megantara,customerrestumegantara@example.com,Semarang,2022-09-13
C000217,"Dodo Haryanti, S.T.","customerdodoharyanti,s.t.@example.com",Jakarta,2025-03-03
C000218,Shania Palastri,customershaniapalastri@example.com,Surabaya,2025-03-20
C000219,Jelita Rahmawati,customerjelitarahmawati@example.com,Yogyakarta,2020-10-29
C000220,"Hafshah Hasanah, S.Pd","customerhafshahhasanah,s.pd@example.com",Semarang,2024-10-03
C000221,"Dr. Cici Prakasa, S.Sos","customerdr.ciciprakasa,s.sos@example.com",Tangerang,2024-04-24
C000222,Tgk. Tira Sihombing,customertgk.tirasihombing@example.com,Jakarta,2024-01-10
C000223,Ajeng Pratiwi,customerajengpratiwi@example.com,Jakarta,2024-06-09
C000224,"Tgk. Vicky Pradana, M.Ak","customertgk.vickypradana,m.ak@example.com",Medan,2025-07-27
C000225,"Dadap Safitri, S.T.","customerdadapsafitri,s.t.@example.com",Surabaya,2022-06-16
C000226,"Mariadi Gunarto, S.Pd","customermariadigunarto,s.pd@example.com",Denpasar,2021-02-01
C000227,dr. Uchita Mustofa,customerdr.uchitamustofa@example.com,Bandung,2020-05-16
C000228,Ulva Agustina,customerulvaagustina@example.com,Surabaya,2023-04-23
C000229,Panji Namaga,customerpanjinamaga@example.com,Medan,2022-04-02
C000230,T. Radika Marbun,customert.radikamarbun@example.com,Yogyakarta,2025-12-14
C000231,"T. Pangeran Sirait, S.IP","customert.pangeransirait,s.ip@example.com",Denpasar,2025-05-27
C000232,Perkasa Prasetyo,customerperkasaprasetyo@example.com,Makassar,2020-11-04
C000233,Paiman Widodo,customerpaimanwidodo@example.com,Jakarta,2024-02-07
C000234,R. Jaeman Uwais,customerr.jaemanuwais@example.com,Yogyakarta,2022-12-19
C000235,"Hj. Kasiyah Kurniawan, S.H.","customerhj.kasiyahkurniawan,s.h.@example.com",Denpasar,2024-04-09
C000236,Drs. Jane Suryatmi,customerdrs.janesuryatmi@example.com,Semarang,2020-04-12
C000237,"Ridwan Hariyah, S.Pd","customerridwanhariyah,s.pd@example.com",Makassar,2020-09-15
C000238,Arsipatra Firgantoro,customerarsipatrafirgantoro@example.com,Yogyakarta,2021-04-22
C000239,Bakti Prakasa,customerbaktiprakasa@example.com,Bekasi,2025-07-10
C000240,Mutia Uwais,customermutiauwais@example.com,Bekasi,2021-07-09
C000241,R. Lidya Yolanda,customerr.lidyayolanda@example.com,Bandung,2024-09-12
C000242,drg. Indah Firmansyah,customerdrg.indahfirmansyah@example.com,Medan,2025-06-27
C000243,Maimunah Prakasa,customermaimunahprakasa@example.com,Medan,2022-06-08
C000244,"Gading Palastri, S.I.Kom","customergadingpalastri,s.i.kom@example.com",Jakarta,2021-02-10
C000245,Fitriani Maheswara,customerfitrianimaheswara@example.com,Denpasar,2024-06-18
C000246,"Danuja Yuniar, M.Ak","customerdanujayuniar,m.ak@example.com",Jakarta,2021-01-10
C000247,"Tgk. Dimaz Mahendra, M.Farm","customertgk.dimazmahendra,m.farm@example.com",Semarang,2020-07-26
C000248,"Drs. Fathonah Rahmawati, S.Kom","customerdrs.fathonahrahmawati,s.kom@example.com",Semarang,2020-10-08
C000249,"R.M. Pandu Riyanti, S.Ked","customerr.m.panduriyanti,s.ked@example.com",Yogyakarta,2023-09-07
C000250,Kayun Ramadan,customerkayunramadan@example.com,Surabaya,2021-08-15
C000251,"Sakti Dongoran, S.E.I","customersaktidongoran,s.e.i@example.com",Jakarta,2021-03-26
C000252,"KH. Dasa Rahmawati, S.Psi","customerkh.dasarahmawati,s.psi@example.com",Jakarta,2024-01-07
C000253,Anastasia Mahendra,customeranastasiamahendra@example.com,Makassar,2021-12-14
C000254,Panca Haryanto,customerpancaharyanto@example.com,Denpasar,2025-11-24
C000255,"Tgk. Kambali Rahayu, S.IP","customertgk.kambalirahayu,s.ip@example.com",Denpasar,2025-01-10
C000256,Warsita Susanti,customerwarsitasusanti@example.com,Jakarta,2025-08-25
C000257,Michelle Yuniar,customermichelleyuniar@example.com,Jakarta,2025-11-05
C000258,Zulfa Wacana,customerzulfawacana@example.com,Makassar,2020-09-06
C000259,Tania Handayani,customertaniahandayani@example.com,Bandung,2021-03-18
C000260,Rachel Maulana,customerrachelmaulana@example.com,Bandung,2020-11-26
C000261,Sarah Usada,customersarahusada@example.com,Tangerang,2021-05-31
C000262,Rina Nuraini,customerrinanuraini@example.com,Yogyakarta,2023-08-24
C000263,Drs. Irfan Januar,customerdrs.irfanjanuar@example.com,Bandung,2025-02-01
C000264,Mila Pradana,customermilapradana@example.com,Makassar,2022-05-30
C000265,"Dr. Lalita Agustina, S.IP","customerdr.lalitaagustina,s.ip@example.com",Medan,2023-10-20
C000266,Salwa Rajasa,customersalwarajasa@example.com,Medan,2024-10-14
C000267,"Virman Kusmawati, S.Pt","customervirmankusmawati,s.pt@example.com",Bandung,2021-09-17
C000268,Ian Kuswoyo,customeriankuswoyo@example.com,Medan,2020-12-15
C000269,Dt. Langgeng Purwanti,customerdt.langgengpurwanti@example.com,Bekasi,2021-06-16
C000270,"Banawi Zulkarnain, S.I.Kom","customerbanawizulkarnain,s.i.kom@example.com",Makassar,2023-09-12
C000271,Rahayu Saragih,customerrahayusaragih@example.com,Medan,2020-07-29
C000272,Drs. Gabriella Mangunsong,customerdrs.gabriellamangunsong@example.com,Denpasar,2021-02-28
C000273,"Puti Kamaria Puspita, S.I.Kom","customerputikamariapuspita,s.i.kom@example.com",Bandung,2022-07-07
C000274,R.A. Yani Aryani,customerr.a.yaniaryani@example.com,Bekasi,2023-02-15
C000275,Hj. Yance Santoso,customerhj.yancesantoso@example.com,Jakarta,2020-04-17
C000276,Tira Saragih,customertirasaragih@example.com,Medan,2022-01-08
C000277,Cemeti Megantara,customercemetimegantara@example.com,Tangerang,2023-12-08
C000278,Caket Usada,customercaketusada@example.com,Jakarta,2024-06-29
C000279,"Paris Pratama, S.Sos","customerparispratama,s.sos@example.com",Makassar,2021-01-10
C000280,Endah Uwais,customerendahuwais@example.com,Yogyakarta,2025-02-01
C000281,"Drs. Lembah Hutasoit, S.Gz","customerdrs.lembahhutasoit,s.gz@example.com",Surabaya,2023-08-21
C000282,"Drs. Asirwanda Wulandari, S.Pt","customerdrs.asirwandawulandari,s.pt@example.com",Yogyakarta,2021-10-06
C000283,"Irwan Laksita, M.Ak","customerirwanlaksita,m.ak@example.com",Denpasar,2024-12-19
C000284,Gasti Mulyani,customergastimulyani@example.com,Bandung,2024-08-23
C000285,Carla Suryono,customercarlasuryono@example.com,Tangerang,2023-11-14
C000286,Ir. Gaiman Gunawan,customerir.gaimangunawan@example.com,Semarang,2025-06-16
C000287,Cut Agnes Putra,customercutagnesputra@example.com,Yogyakarta,2024-06-06
C000288,"R.M. Prakosa Rajasa, S.Pd","customerr.m.prakosarajasa,s.pd@example.com",Medan,2022-05-15
C000289,Jamal Astuti,customerjamalastuti@example.com,Surabaya,2021-05-06
C000290,Patricia Pradana,customerpatriciapradana@example.com,Bekasi,2021-06-13
C000291,Hasta Gunarto,customerhastagunarto@example.com,Makassar,2023-12-21
C000292,Citra Sihotang,customercitrasihotang@example.com,Tangerang,2020-03-17
C000293,drg. Titin Uyainah,customerdrg.titinuyainah@example.com,Makassar,2024-10-24
C000294,Halim Damanik,customerhalimdamanik@example.com,Medan,2023-03-31
C000295,"Drs. Jagaraga Tarihoran, S.Pt","customerdrs.jagaragatarihoran,s.pt@example.com",Makassar,2021-12-04
C000296,Ibrani Rahmawati,customeribranirahmawati@example.com,Makassar,2021-03-09
C000297,Harto Saragih,customerhartosaragih@example.com,Medan,2025-11-16
C000298,Victoria Narpati,customervictorianarpati@example.com,Bandung,2022-06-26
C000299,"Balijan Nuraini, M.TI.","customerbalijannuraini,m.ti.@example.com",Semarang,2025-09-21
C000300,Titi Yuliarti,customertitiyuliarti@example.com,Surabaya,2023-12-02
C000301,Cakrabuana Rajasa,customercakrabuanarajasa@example.com,Semarang,2022-08-25
C000302,R. Vanya Yolanda,customerr.vanyayolanda@example.com,Bandung,2021-12-11
C000303,"Ir. Jumadi Hariyah, M.Farm","customerir.jumadihariyah,m.farm@example.com",Tangerang,2021-12-26
C000304,"Wahyu Pratiwi, M.Ak","customerwahyupratiwi,m.ak@example.com",Medan,2025-01-12
C000305,Irnanto Hidayat,customerirnantohidayat@example.com,Denpasar,2023-07-18
C000306,"Gadang Saefullah, M.Farm","customergadangsaefullah,m.farm@example.com",Jakarta,2024-12-16
C000307,R. Galak Hariyah,customerr.galakhariyah@example.com,Denpasar,2023-12-12
C000308,Gading Suwarno,customergadingsuwarno@example.com,Bandung,2020-06-03
C000309,Ir. Ophelia Winarno,customerir.opheliawinarno@example.com,Denpasar,2021-01-04
C000310,Yessi Pertiwi,customeryessipertiwi@example.com,Semarang,2020-06-17
C000311,Dr. Olivia Maryadi,customerdr.oliviamaryadi@example.com,Jakarta,2023-08-09
C000312,Rosman Siregar,customerrosmansiregar@example.com,Bandung,2025-01-19
C000313,"Cawuk Gunarto, S.H.","customercawukgunarto,s.h.@example.com",Denpasar,2025-08-28
C000314,Dr. Lurhur Manullang,customerdr.lurhurmanullang@example.com,Medan,2024-12-04
C000315,Kayla Wasita,customerkaylawasita@example.com,Medan,2024-03-07
C000316,"Ir. Marsudi Sitorus, S.Pt","customerir.marsudisitorus,s.pt@example.com",Medan,2020-08-02
C000317,Ir. Harsana Suryono,customerir.harsanasuryono@example.com,Yogyakarta,2021-01-22
C000318,Cindy Padmasari,customercindypadmasari@example.com,Surabaya,2021-09-07
C000319,Safina Wijayanti,customersafinawijayanti@example.com,Makassar,2023-12-03
C000320,Puti Ira Purwanti,customerputiirapurwanti@example.com,Makassar,2021-06-12
C000321,"R. Salsabila Novitasari, S.Pt","customerr.salsabilanovitasari,s.pt@example.com",Makassar,2023-09-07
C000322,Anita Tarihoran,customeranitatarihoran@example.com,Yogyakarta,2025-09-13
C000323,Ganep Laksita,customerganeplaksita@example.com,Semarang,2022-01-08
C000324,Chandra Hutagalung,customerchandrahutagalung@example.com,Yogyakarta,2022-07-16
C000325,KH. Kayun Novitasari,customerkh.kayunnovitasari@example.com,Jakarta,2021-02-18
C000326,"Drs. Cahyadi Riyanti, S.Sos","customerdrs.cahyadiriyanti,s.sos@example.com",Surabaya,2023-10-11
C000327,Radika Oktaviani,customerradikaoktaviani@example.com,Surabaya,2021-10-26
C000328,Hendra Utama,customerhendrautama@example.com,Semarang,2024-11-27
C000329,Tgk. Umi Hassanah,customertgk.umihassanah@example.com,Semarang,2024-12-24
C000330,Galak Halimah,customergalakhalimah@example.com,Semarang,2025-12-27
C000331,"Warsita Pertiwi, M.M.","customerwarsitapertiwi,m.m.@example.com",Denpasar,2024-02-15
C000332,"dr. Jefri Nuraini, S.Farm","customerdr.jefrinuraini,s.farm@example.com",Surabaya,2023-02-28
C000333,"Drs. Cahyo Ramadan, S.Gz","customerdrs.cahyoramadan,s.gz@example.com",Denpasar,2022-03-28
C000334,R. Narji Maryati,customerr.narjimaryati@example.com,Bandung,2024-02-29
C000335,Prabowo Marpaung,customerprabowomarpaung@example.com,Yogyakarta,2023-03-13
C000336,R.M. Radika Fujiati,customerr.m.radikafujiati@example.com,Bandung,2025-01-14
C000337,"Dr. Kamaria Dongoran, S.Farm","customerdr.kamariadongoran,s.farm@example.com",Jakarta,2022-06-28
C000338,Tgk. Daryani Winarno,customertgk.daryaniwinarno@example.com,Bandung,2024-06-11
C000339,Alambana Simanjuntak,customeralambanasimanjuntak@example.com,Bandung,2024-03-15
C000340,"R.M. Cahyo Firgantoro, S.Pd","customerr.m.cahyofirgantoro,s.pd@example.com",Denpasar,2023-10-05
C000341,"H. Jarwadi Hassanah, M.Ak","customerh.jarwadihassanah,m.ak@example.com",Jakarta,2021-07-22
C000342,Edi Pratama,customeredipratama@example.com,Surabaya,2020-11-20
C000343,Carla Suwarno,customercarlasuwarno@example.com,Semarang,2025-12-01
C000344,Asirwada Permadi,customerasirwadapermadi@example.com,Makassar,2023-05-18
C000345,Balapati Mandasari,customerbalapatimandasari@example.com,Tangerang,2025-02-15
C000346,"Kamidin Permata, S.H.","customerkamidinpermata,s.h.@example.com",Surabaya,2020-03-08
C000347,Ade Susanti,customeradesusanti@example.com,Medan,2023-04-08
C000348,drg. Fitria Widiastuti,customerdrg.fitriawidiastuti@example.com,Bandung,2022-09-12
C000349,Betania Novitasari,customerbetanianovitasari@example.com,Bekasi,2025-11-14
C000350,"Dr. Kadir Damanik, S.Sos","customerdr.kadirdamanik,s.sos@example.com",Denpasar,2025-09-09
C000351,"Harsanto Wahyudin, S.T.","customerharsantowahyudin,s.t.@example.com",Jakarta,2020-06-27
C000352,"R. Gangsar Permadi, S.IP","customerr.gangsarpermadi,s.ip@example.com",Tangerang,2024-01-02
C000353,Artawan Thamrin,customerartawanthamrin@example.com,Bekasi,2023-09-23
C000354,"Hj. Ellis Hariyah, M.Kom.","customerhj.ellishariyah,m.kom.@example.com",Surabaya,2023-10-18
C000355,Nasrullah Haryanti,customernasrullahharyanti@example.com,Jakarta,2021-07-06
C000356,Artawan Pangestu,customerartawanpangestu@example.com,Jakarta,2023-04-16
C000357,Oliva Widodo,customerolivawidodo@example.com,Bekasi,2023-07-16
C000358,Ani Yuliarti,customeraniyuliarti@example.com,Semarang,2025-04-23
C000359,Zelda Hardiansyah,customerzeldahardiansyah@example.com,Medan,2023-03-17
C000360,Raharja Uwais,customerraharjauwais@example.com,Makassar,2023-01-24
C000361,"Maida Winarno, S.Psi","customermaidawinarno,s.psi@example.com",Surabaya,2024-06-26
C000362,"Najwa Uwais, M.TI.","customernajwauwais,m.ti.@example.com",Yogyakarta,2025-07-25
C000363,"Lintang Hutapea, S.Farm","customerlintanghutapea,s.farm@example.com",Tangerang,2020-12-04
C000364,T. Galur Jailani,customert.galurjailani@example.com,Bandung,2022-01-09
C000365,"Ega Samosir, M.M.","customeregasamosir,m.m.@example.com",Tangerang,2023-09-05
C000366,Muhammad Handayani,customermuhammadhandayani@example.com,Medan,2024-10-11
C000367,Ozy Thamrin,customerozythamrin@example.com,Tangerang,2025-01-05
C000368,Suci Hakim,customersucihakim@example.com,Bandung,2024-11-16
C000369,Oliva Wastuti,customerolivawastuti@example.com,Surabaya,2024-07-21
C000370,Samsul Sudiati,customersamsulsudiati@example.com,Denpasar,2020-05-07
C000371,Bagas Prakasa,customerbagasprakasa@example.com,Medan,2020-05-22
C000372,Qori Firmansyah,customerqorifirmansyah@example.com,Tangerang,2024-01-23
C000373,"Ihsan Uwais, S.I.Kom","customerihsanuwais,s.i.kom@example.com",Denpasar,2021-09-20
C000374,R. Paris Utama,customerr.parisutama@example.com,Makassar,2020-11-10
C000375,"Estiawan Prayoga, S.IP","customerestiawanprayoga,s.ip@example.com",Jakarta,2023-07-11
C000376,Padma Wibisono,customerpadmawibisono@example.com,Bekasi,2022-02-01
C000377,Vicky Rajata,customervickyrajata@example.com,Denpasar,2021-04-27
C000378,Tgk. Talia Lestari,customertgk.talialestari@example.com,Semarang,2022-05-28
C000379,Simon Hidayanto,customersimonhidayanto@example.com,Denpasar,2021-05-17
C000380,"Maimunah Irawan, S.Psi","customermaimunahirawan,s.psi@example.com",Medan,2021-12-08
C000381,Dr. Elvin Salahudin,customerdr.elvinsalahudin@example.com,Surabaya,2020-09-22
C000382,"Tgk. Kacung Prasetyo, S.IP","customertgk.kacungprasetyo,s.ip@example.com",Semarang,2021-12-14
C000383,Paiman Lailasari,customerpaimanlailasari@example.com,Jakarta,2021-07-22
C000384,Drs. Gading Hastuti,customerdrs.gadinghastuti@example.com,Bekasi,2024-01-18
C000385,Puti Bella Saragih,customerputibellasaragih@example.com,Makassar,2021-06-15
C000386,dr. Pranawa Wasita,customerdr.pranawawasita@example.com,Tangerang,2025-05-14
C000387,Galiono Yuniar,customergalionoyuniar@example.com,Bandung,2020-10-29
C000388,Sabrina Maryati,customersabrinamaryati@example.com,Medan,2025-01-17
C000389,"Drs. Suci Rahmawati, S.E.","customerdrs.sucirahmawati,s.e.@example.com",Surabaya,2021-06-09
C000390,Dt. Radika Maheswara,customerdt.radikamaheswara@example.com,Bekasi,2024-11-07
C000391,Eli Marpaung,customerelimarpaung@example.com,Medan,2021-09-18
C000392,Padma Suryono,customerpadmasuryono@example.com,Bandung,2022-07-12
C000393,Makara Puspasari,customermakarapuspasari@example.com,Yogyakarta,2022-10-23
C000394,"Gadang Susanti, M.Pd","customergadangsusanti,m.pd@example.com",Bandung,2021-05-27
C000395,"Cawisadi Rahayu, M.Farm","customercawisadirahayu,m.farm@example.com",Surabaya,2025-08-20
C000396,"Leo Suartini, S.Psi","customerleosuartini,s.psi@example.com",Tangerang,2021-12-02
C000397,"Cut Cindy Gunawan, M.Farm","customercutcindygunawan,m.farm@example.com",Yogyakarta,2020-06-17
C000398,"Drs. Hamzah Safitri, S.Ked","customerdrs.hamzahsafitri,s.ked@example.com",Denpasar,2022-05-13
C000399,"Yahya Sihombing, M.Kom.","customeryahyasihombing,m.kom.@example.com",Semarang,2023-04-01
C000400,Mutia Hidayanto,customermutiahidayanto@example.com,Jakarta,2024-07-21
C000401,Lidya Laksmiwati,customerlidyalaksmiwati@example.com,Denpasar,2021-10-09
C000402,Rachel Megantara,customerrachelmegantara@example.com,Medan,2022-04-15
C000403,"Zelda Situmorang, S.Sos","customerzeldasitumorang,s.sos@example.com",Surabaya,2023-07-31
C000404,Dr. Balamantri Simanjuntak,customerdr.balamantrisimanjuntak@example.com,Semarang,2024-02-26
C000405,Emas Hartati,customeremashartati@example.com,Semarang,2025-03-25
C000406,Asirwanda Siregar,customerasirwandasiregar@example.com,Makassar,2021-07-31
C000407,Yono Manullang,customeryonomanullang@example.com,Medan,2024-09-08
C000408,Prabowo Manullang,customerprabowomanullang@example.com,Denpasar,2023-07-04
C000409,Najwa Samosir,customernajwasamosir@example.com,Denpasar,2025-10-09
C000410,Warsa Wijaya,customerwarsawijaya@example.com,Bekasi,2020-04-04
C000411,Darijan Padmasari,customerdarijanpadmasari@example.com,Medan,2025-02-15
C000412,Eko Lailasari,customerekolailasari@example.com,Tangerang,2020-07-18
C000413,Paulin Anggriawan,customerpaulinanggriawan@example.com,Bandung,2025-04-11
C000414,Teguh Saptono,customerteguhsaptono@example.com,Medan,2024-10-31
C000415,Aurora Wacana,customeraurorawacana@example.com,Jakarta,2024-07-09
C000416,Puspa Suwarno,customerpuspasuwarno@example.com,Bandung,2022-03-08
C000417,drg. Prakosa Pudjiastuti,customerdrg.prakosapudjiastuti@example.com,Yogyakarta,2024-05-01
C000418,Bakti Wijaya,customerbaktiwijaya@example.com,Medan,2021-05-01
C000419,Tgk. Perkasa Megantara,customertgk.perkasamegantara@example.com,Semarang,2023-10-20
C000420,Olivia Gunarto,customeroliviagunarto@example.com,Jakarta,2025-09-16
C000421,Nasab Sitorus,customernasabsitorus@example.com,Denpasar,2020-06-08
C000422,Eka Sudiati,customerekasudiati@example.com,Bekasi,2025-10-28
C000423,Rahmi Simanjuntak,customerrahmisimanjuntak@example.com,Surabaya,2021-07-26
C000424,Tgk. Rika Sirait,customertgk.rikasirait@example.com,Bekasi,2024-05-28
C000425,drg. Nugraha Pratiwi,customerdrg.nugrahapratiwi@example.com,Yogyakarta,2025-09-18
C000426,"Cut Kartika Sitompul, S.IP","customercutkartikasitompul,s.ip@example.com",Makassar,2025-04-29
C000427,"H. Teddy Usamah, S.Ked","customerh.teddyusamah,s.ked@example.com",Tangerang,2023-06-14
C000428,Safina Prastuti,customersafinaprastuti@example.com,Tangerang,2025-04-27
C000429,"Anastasia Padmasari, M.Kom.","customeranastasiapadmasari,m.kom.@example.com",Surabaya,2022-07-21
C000430,"Najam Safitri, S.Sos","customernajamsafitri,s.sos@example.com",Surabaya,2025-11-17
C000431,Kemal Kusumo,customerkemalkusumo@example.com,Semarang,2022-09-19
C000432,Iriana Andriani,customeririanaandriani@example.com,Surabaya,2020-03-18
C000433,"Farhunnisa Zulkarnain, M.TI.","customerfarhunnisazulkarnain,m.ti.@example.com",Tangerang,2024-08-18
C000434,"Cut Tiara Mandala, M.TI.","customercuttiaramandala,m.ti.@example.com",Semarang,2025-04-15
C000435,"Jati Novitasari, S.Sos","customerjatinovitasari,s.sos@example.com",Medan,2023-08-24
C000436,Patricia Siregar,customerpatriciasiregar@example.com,Bekasi,2021-12-10
C000437,"Prasetyo Zulaika, S.T.","customerprasetyozulaika,s.t.@example.com",Tangerang,2023-12-22
C000438,Yusuf Prayoga,customeryusufprayoga@example.com,Yogyakarta,2025-06-06
C000439,Wardaya Salahudin,customerwardayasalahudin@example.com,Yogyakarta,2023-05-07
C000440,"Tiara Lestari, S.Psi","customertiaralestari,s.psi@example.com",Denpasar,2022-04-29
C000441,KH. Najam Saefullah,customerkh.najamsaefullah@example.com,Yogyakarta,2023-11-29
C000442,Hj. Puji Wibowo,customerhj.pujiwibowo@example.com,Makassar,2021-05-14
C000443,"KH. Cakrabuana Siregar, S.Gz","customerkh.cakrabuanasiregar,s.gz@example.com",Yogyakarta,2023-11-14
C000444,Maimunah Yolanda,customermaimunahyolanda@example.com,Yogyakarta,2020-11-19
C000445,Damar Nasyiah,customerdamarnasyiah@example.com,Yogyakarta,2025-05-16
C000446,Balangga Susanti,customerbalanggasusanti@example.com,Tangerang,2023-01-17
C000447,Asirwanda Winarsih,customerasirwandawinarsih@example.com,Bekasi,2022-09-07
C000448,"Daruna Habibi, S.IP","customerdarunahabibi,s.ip@example.com",Makassar,2022-07-13
C000449,"Nadine Januar, S.E.I","customernadinejanuar,s.e.i@example.com",Jakarta,2023-09-14
C000450,Safina Kusmawati,customersafinakusmawati@example.com,Denpasar,2021-10-08
C000451,"T. Galur Suwarno, S.Gz","customert.galursuwarno,s.gz@example.com",Bandung,2022-03-27
C000452,H. Nyoman Firgantoro,customerh.nyomanfirgantoro@example.com,Surabaya,2022-08-09
C000453,"R. Ani Widodo, M.Kom.","customerr.aniwidodo,m.kom.@example.com",Surabaya,2024-09-07
C000454,Adika Salahudin,customeradikasalahudin@example.com,Tangerang,2023-03-31
C000455,Intan Hasanah,customerintanhasanah@example.com,Bekasi,2021-03-15
C000456,Diana Mayasari,customerdianamayasari@example.com,Denpasar,2025-11-17
C000457,Rusman Kusumo,customerrusmankusumo@example.com,Medan,2023-01-22
C000458,"Michelle Yuliarti, S.T.","customermichelleyuliarti,s.t.@example.com",Surabaya,2021-10-27
C000459,"Jessica Sihombing, M.Farm","customerjessicasihombing,m.farm@example.com",Semarang,2020-02-27
C000460,Hj. Latika Aryani,customerhj.latikaaryani@example.com,Bekasi,2021-12-19
C000461,Himawan Winarsih,customerhimawanwinarsih@example.com,Bandung,2023-09-05
C000462,Jati Sinaga,customerjatisinaga@example.com,Semarang,2022-01-26
C000463,Kiandra Prakasa,customerkiandraprakasa@example.com,Denpasar,2020-01-28
C000464,Ilsa Padmasari,customerilsapadmasari@example.com,Tangerang,2022-12-29
C000465,Safina Tarihoran,customersafinatarihoran@example.com,Semarang,2020-02-16
C000466,"Banara Hastuti, S.Pd","customerbanarahastuti,s.pd@example.com",Surabaya,2020-09-11
C000467,"Jefri Saragih, S.IP","customerjefrisaragih,s.ip@example.com",Yogyakarta,2024-07-18
C000468,R.A. Gawati Mansur,customerr.a.gawatimansur@example.com,Denpasar,2024-02-14
C000469,Ulva Sudiati,customerulvasudiati@example.com,Medan,2021-09-19
C000470,"Pia Halimah, M.Pd","customerpiahalimah,m.pd@example.com",Semarang,2024-08-30
C000471,"Perkasa Riyanti, S.Pt","customerperkasariyanti,s.pt@example.com",Bekasi,2022-10-10
C000472,H. Gilang Hutagalung,customerh.gilanghutagalung@example.com,Tangerang,2025-01-03
C000473,Radit Pudjiastuti,customerraditpudjiastuti@example.com,Bekasi,2021-04-04
C000474,Drs. Eka Marbun,customerdrs.ekamarbun@example.com,Medan,2022-04-08
C000475,Calista Zulaika,customercalistazulaika@example.com,Semarang,2025-11-01
C000476,Uda Melani,customerudamelani@example.com,Denpasar,2025-06-25
C000477,Diah Mulyani,customerdiahmulyani@example.com,Makassar,2020-08-15
C000478,Cut Putri Hariyah,customercutputrihariyah@example.com,Yogyakarta,2025-02-14
C000479,Hamima Adriansyah,customerhamimaadriansyah@example.com,Semarang,2020-03-30
C000480,Indra Situmorang,customerindrasitumorang@example.com,Bandung,2020-10-26
C000481,Warji Halimah,customerwarjihalimah@example.com,Jakarta,2020-09-03
C000482,Elvina Mansur,customerelvinamansur@example.com,Makassar,2023-03-21
C000483,Melinda Waluyo,customermelindawaluyo@example.com,Makassar,2024-03-13
C000484,"Yoga Wijayanti, M.Pd","customeryogawijayanti,m.pd@example.com",Surabaya,2020-11-24
C000485,Cemani Nasyiah,customercemaninasyiah@example.com,Makassar,2023-11-25
C000486,Ozy Prasetyo,customerozyprasetyo@example.com,Jakarta,2025-12-06
C000487,Malika Wulandari,customermalikawulandari@example.com,Bekasi,2020-04-03
C000488,dr. Ridwan Pradana,customerdr.ridwanpradana@example.com,Semarang,2024-10-03
C000489,Eva Saefullah,customerevasaefullah@example.com,Semarang,2025-03-01
C000490,Rusman Wijayanti,customerrusmanwijayanti@example.com,Makassar,2021-04-07
C000491,Danang Hidayat,customerdananghidayat@example.com,Bandung,2020-03-05
C000492,Rahayu Wulandari,customerrahayuwulandari@example.com,Jakarta,2020-05-17
C000493,"Aurora Wacana, M.M.","customeraurorawacana,m.m.@example.com",Semarang,2022-09-29
C000494,"KH. Asman Mandala, M.TI.","customerkh.asmanmandala,m.ti.@example.com",Yogyakarta,2022-06-08
C000495,"Ir. Jamalia Permata, M.Ak","customerir.jamaliapermata,m.ak@example.com",Medan,2022-08-17
C000496,Dinda Wijayanti,customerdindawijayanti@example.com,Bekasi,2022-08-28
C000497,Ifa Saefullah,customerifasaefullah@example.com,Jakarta,2022-06-24
C000498,"Mustika Aryani, M.Pd","customermustikaaryani,m.pd@example.com",Denpasar,2021-12-18
C000499,Syahrini Winarsih,customersyahriniwinarsih@example.com,Makassar,2020-07-11
C000500,Tami Agustina,customertamiagustina@example.com,Makassar,2025-11-18
C000501,Keisha Nashiruddin,customerkeishanashiruddin@example.com,Bekasi,2021-09-03
C000502,Samsul Prasetyo,customersamsulprasetyo@example.com,Yogyakarta,2025-04-23
C000503,"drg. Vinsen Hakim, M.Pd","customerdrg.vinsenhakim,m.pd@example.com",Makassar,2021-08-14
C000504,Dr. Cahyanto Wibisono,customerdr.cahyantowibisono@example.com,Semarang,2024-09-02
C000505,Gamblang Yuliarti,customergamblangyuliarti@example.com,Bandung,2022-11-10
C000506,"dr. Cornelia Nasyiah, S.Kom","customerdr.cornelianasyiah,s.kom@example.com",Jakarta,2025-01-16
C000507,Samiah Suartini,customersamiahsuartini@example.com,Tangerang,2023-01-04
C000508,"Puti Fitriani Rahmawati, M.Pd","customerputifitrianirahmawati,m.pd@example.com",Semarang,2020-06-10
C000509,Tedi Sitorus,customertedisitorus@example.com,Yogyakarta,2025-05-17
C000510,Waluyo Nainggolan,customerwaluyonainggolan@example.com,Bandung,2020-03-03
C000511,Mursinin Suartini,customermursininsuartini@example.com,Semarang,2025-05-15
C000512,Kusuma Sinaga,customerkusumasinaga@example.com,Yogyakarta,2024-06-12
C000513,Patricia Yulianti,customerpatriciayulianti@example.com,Medan,2024-04-08
C000514,Karen Mulyani,customerkarenmulyani@example.com,Denpasar,2023-06-17
C000515,Rangga Halimah,customerranggahalimah@example.com,Medan,2025-03-23
C000516,Iriana Zulkarnain,customeririanazulkarnain@example.com,Jakarta,2022-04-12
C000517,"Dalima Budiyanto, S.T.","customerdalimabudiyanto,s.t.@example.com",Bekasi,2022-06-25
C000518,Eva Napitupulu,customerevanapitupulu@example.com,Medan,2024-09-06
C000519,Qori Prasasta,customerqoriprasasta@example.com,Denpasar,2022-07-31
C000520,Vanesa Lestari,customervanesalestari@example.com,Denpasar,2023-10-14
C000521,Oskar Thamrin,customeroskarthamrin@example.com,Surabaya,2025-03-02
C000522,"Puji Lestari, S.E.","customerpujilestari,s.e.@example.com",Bekasi,2021-07-27
C000523,Dt. Salman Hutagalung,customerdt.salmanhutagalung@example.com,Jakarta,2020-08-28
C000524,Dina Usamah,customerdinausamah@example.com,Semarang,2020-01-27
C000525,"Eka Anggriawan, S.Kom","customerekaanggriawan,s.kom@example.com",Bekasi,2020-10-05
C000526,Almira Safitri,customeralmirasafitri@example.com,Tangerang,2025-02-10
C000527,"Jinawi Budiyanto, S.Ked","customerjinawibudiyanto,s.ked@example.com",Bekasi,2025-06-02
C000528,Agus Nuraini,customeragusnuraini@example.com,Yogyakarta,2024-08-11
C000529,Jefri Wulandari,customerjefriwulandari@example.com,Makassar,2023-03-20
C000530,Vega Kuswoyo,customervegakuswoyo@example.com,Bekasi,2022-01-04
C000531,Dadi Safitri,customerdadisafitri@example.com,Bekasi,2021-09-01
C000532,"dr. Hasna Widodo, S.Pt","customerdr.hasnawidodo,s.pt@example.com",Medan,2022-10-30
C000533,Padmi Prasasta,customerpadmiprasasta@example.com,Semarang,2024-07-21
C000534,"Raden Hutapea, S.Gz","customerradenhutapea,s.gz@example.com",Bandung,2023-05-13
C000535,Keisha Puspasari,customerkeishapuspasari@example.com,Denpasar,2024-07-18
C000536,"Adika Narpati, S.Pt","customeradikanarpati,s.pt@example.com",Denpasar,2020-08-17
C000537,"Purwanto Sitompul, M.Farm","customerpurwantositompul,m.farm@example.com",Bandung,2024-11-12
C000538,Dartono Prabowo,customerdartonoprabowo@example.com,Tangerang,2025-12-03
C000539,Aurora Hutagalung,customeraurorahutagalung@example.com,Yogyakarta,2025-05-01
C000540,Wisnu Sihotang,customerwisnusihotang@example.com,Jakarta,2020-05-14
C000541,R. Umi Widodo,customerr.umiwidodo@example.com,Bandung,2022-04-28
C000542,Kardi Permadi,customerkardipermadi@example.com,Tangerang,2023-05-10
C000543,"Usman Namaga, S.Psi","customerusmannamaga,s.psi@example.com",Makassar,2024-05-12
C000544,"H. Nyoman Hutapea, M.TI.","customerh.nyomanhutapea,m.ti.@example.com",Medan,2021-07-27
C000545,Ibrani Pradipta,customeribranipradipta@example.com,Bandung,2020-08-07
C000546,Ir. Rina Widodo,customerir.rinawidodo@example.com,Medan,2023-10-27
C000547,"Empluk Hartati, M.Kom.","customeremplukhartati,m.kom.@example.com",Semarang,2020-05-01
C000548,dr. Ian Nashiruddin,customerdr.iannashiruddin@example.com,Tangerang,2023-12-28
C000549,Prasetyo Safitri,customerprasetyosafitri@example.com,Yogyakarta,2024-04-05
C000550,"Belinda Hutasoit, S.T.","customerbelindahutasoit,s.t.@example.com",Surabaya,2022-10-06
C000551,"Violet Usada, S.E.I","customervioletusada,s.e.i@example.com",Makassar,2024-04-05
C000552,Cici Iswahyudi,customerciciiswahyudi@example.com,Jakarta,2023-07-21
C000553,Karen Saputra,customerkarensaputra@example.com,Bandung,2023-06-16
C000554,Cengkir Astuti,customercengkirastuti@example.com,Denpasar,2021-06-26
C000555,Ciaobella Dongoran,customerciaobelladongoran@example.com,Bandung,2025-09-29
C000556,R. Lembah Rahimah,customerr.lembahrahimah@example.com,Medan,2023-12-20
C000557,Erik Zulkarnain,customererikzulkarnain@example.com,Makassar,2024-04-26
C000558,"Putri Prasasta, M.Farm","customerputriprasasta,m.farm@example.com",Bekasi,2020-12-12
C000559,"Harjasa Narpati, S.E.I","customerharjasanarpati,s.e.i@example.com",Yogyakarta,2021-11-25
C000560,Nilam Maulana,customernilammaulana@example.com,Bandung,2023-05-18
C000561,Ika Andriani,customerikaandriani@example.com,Yogyakarta,2021-11-15
C000562,"R. Gatra Ramadan, S.H.","customerr.gatraramadan,s.h.@example.com",Denpasar,2025-06-06
C000563,Cici Mansur,customercicimansur@example.com,Yogyakarta,2022-03-11
C000564,Juli Safitri,customerjulisafitri@example.com,Makassar,2020-01-28
C000565,Juli Astuti,customerjuliastuti@example.com,Tangerang,2023-09-11
C000566,Janet Suartini,customerjanetsuartini@example.com,Semarang,2021-07-11
C000567,Elma Widodo,customerelmawidodo@example.com,Medan,2025-05-16
C000568,"Talia Usada, M.Kom.","customertaliausada,m.kom.@example.com",Tangerang,2023-04-08
C000569,Keisha Setiawan,customerkeishasetiawan@example.com,Makassar,2022-09-19
C000570,Wardi Pratiwi,customerwardipratiwi@example.com,Semarang,2024-02-04
C000571,"Pranawa Pudjiastuti, S.Ked","customerpranawapudjiastuti,s.ked@example.com",Denpasar,2022-01-06
C000572,Wirda Siregar,customerwirdasiregar@example.com,Bandung,2022-05-08
C000573,"Jamil Mandala, S.Pd","customerjamilmandala,s.pd@example.com",Semarang,2024-08-02
C000574,"Candra Anggraini, S.Sos","customercandraanggraini,s.sos@example.com",Bandung,2022-10-31
C000575,Dr. Restu Wacana,customerdr.restuwacana@example.com,Bekasi,2025-01-13
C000576,"drg. Puji Firgantoro, S.I.Kom","customerdrg.pujifirgantoro,s.i.kom@example.com",Bekasi,2025-09-06
C000577,Pranawa Prayoga,customerpranawaprayoga@example.com,Medan,2020-12-14
C000578,"Luwar Gunawan, M.Farm","customerluwargunawan,m.farm@example.com",Makassar,2021-11-12
C000579,"dr. Balamantri Anggriawan, S.IP","customerdr.balamantrianggriawan,s.ip@example.com",Yogyakarta,2023-09-20
C000580,H. Karja Puspita,customerh.karjapuspita@example.com,Tangerang,2022-06-28
C000581,Kasiyah Wijaya,customerkasiyahwijaya@example.com,Denpasar,2022-06-24
C000582,Gangsar Dongoran,customergangsardongoran@example.com,Denpasar,2025-08-11
C000583,Lidya Hutasoit,customerlidyahutasoit@example.com,Bandung,2021-03-04
C000584,Ira Siregar,customerirasiregar@example.com,Denpasar,2021-08-03
C000585,drg. Gantar Kusmawati,customerdrg.gantarkusmawati@example.com,Bandung,2022-04-27
C000586,"Tami Hartati, S.Psi","customertamihartati,s.psi@example.com",Bandung,2024-11-29
C000587,Rusman Latupono,customerrusmanlatupono@example.com,Jakarta,2023-05-14
C000588,"Balangga Wastuti, S.E.","customerbalanggawastuti,s.e.@example.com",Semarang,2023-11-06
C000589,Kusuma Manullang,customerkusumamanullang@example.com,Medan,2025-10-14
C000590,Gina Waskita,customerginawaskita@example.com,Surabaya,2024-10-12
C000591,"Maryadi Astuti, S.Sos","customermaryadiastuti,s.sos@example.com",Jakarta,2022-02-02
C000592,Rika Aryani,customerrikaaryani@example.com,Makassar,2022-03-19
C000593,"Gabriella Putra, S.T.","customergabriellaputra,s.t.@example.com",Bandung,2020-01-19
C000594,"Dr. Cengkir Utama, S.Psi","customerdr.cengkirutama,s.psi@example.com",Semarang,2021-02-20
C000595,Eluh Winarsih,customereluhwinarsih@example.com,Denpasar,2025-02-17
C000596,"Galar Riyanti, S.Sos","customergalarriyanti,s.sos@example.com",Tangerang,2025-12-01
C000597,Puti Kamaria Thamrin,customerputikamariathamrin@example.com,Denpasar,2024-05-26
C000598,"Hj. Tiara Salahudin, M.Ak","customerhj.tiarasalahudin,m.ak@example.com",Tangerang,2021-12-07
C000599,"Cahyanto Sihotang, S.IP","customercahyantosihotang,s.ip@example.com",Semarang,2020-12-13
C000600,Cemplunk Wahyudin,customercemplunkwahyudin@example.com,Surabaya,2023-06-04
C000601,Lili Riyanti,customerliliriyanti@example.com,Surabaya,2025-09-23
C000602,Fitria Laksita,customerfitrialaksita@example.com,Bekasi,2024-04-20
C000603,R.M. Jindra Suwarno,customerr.m.jindrasuwarno@example.com,Surabaya,2021-12-10
C000604,Zaenab Hartati,customerzaenabhartati@example.com,Tangerang,2022-02-05
C000605,"dr. Ajeng Laksita, S.E.I","customerdr.ajenglaksita,s.e.i@example.com",Semarang,2020-08-07
C000606,Dr. Martani Lailasari,customerdr.martanilailasari@example.com,Makassar,2024-04-21
C000607,Titin Handayani,customertitinhandayani@example.com,Denpasar,2025-07-07
C000608,Karya Dabukke,customerkaryadabukke@example.com,Semarang,2021-11-16
C000609,Endra Prasetyo,customerendraprasetyo@example.com,Bekasi,2023-04-11
C000610,Purwadi Haryanti,customerpurwadiharyanti@example.com,Tangerang,2023-03-28
C000611,Dr. Balidin Pertiwi,customerdr.balidinpertiwi@example.com,Bandung,2025-07-21
C000612,"Dr. Ridwan Utama, M.Pd","customerdr.ridwanutama,m.pd@example.com",Jakarta,2023-01-02
C000613,Sutan Irwan Jailani,customersutanirwanjailani@example.com,Semarang,2024-12-12
C000614,"Cut Mila Saptono, S.I.Kom","customercutmilasaptono,s.i.kom@example.com",Bandung,2023-05-04
C000615,"Puti Vicky Prakasa, S.Kom","customerputivickyprakasa,s.kom@example.com",Tangerang,2024-12-03
C000616,"Ir. Siti Aryani, S.E.","customerir.sitiaryani,s.e.@example.com",Tangerang,2023-12-07
C000617,"Sutan Rahmat Putra, S.Gz","customersutanrahmatputra,s.gz@example.com",Tangerang,2021-07-24
C000618,T. Lembah Nasyiah,customert.lembahnasyiah@example.com,Surabaya,2023-12-07
C000619,"Icha Siregar, M.Farm","customerichasiregar,m.farm@example.com",Yogyakarta,2023-08-18
C000620,"Rahman Kuswoyo, S.E.I","customerrahmankuswoyo,s.e.i@example.com",Makassar,2025-10-08
C000621,Zelaya Yolanda,customerzelayayolanda@example.com,Surabaya,2020-08-30
C000622,Cakrabuana Sinaga,customercakrabuanasinaga@example.com,Semarang,2021-06-27
C000623,Dinda Permata,customerdindapermata@example.com,Yogyakarta,2024-05-27
C000624,Mila Hutagalung,customermilahutagalung@example.com,Bandung,2024-08-23
C000625,H. Estiawan Uwais,customerh.estiawanuwais@example.com,Denpasar,2024-07-08
C000626,Ratna Adriansyah,customerratnaadriansyah@example.com,Bandung,2025-06-22
C000627,"Mulya Tamba, S.Pt","customermulyatamba,s.pt@example.com",Bekasi,2025-02-20
C000628,Ikhsan Prabowo,customerikhsanprabowo@example.com,Denpasar,2024-06-17
C000629,Yance Suryono,customeryancesuryono@example.com,Medan,2023-01-04
C000630,Dr. Winda Siregar,customerdr.windasiregar@example.com,Jakarta,2021-06-18
C000631,Luis Haryanti,customerluisharyanti@example.com,Jakarta,2020-07-07
C000632,"R. Maida Hasanah, S.Ked","customerr.maidahasanah,s.ked@example.com",Makassar,2021-05-23
C000633,"Diah Yulianti, S.Pd","customerdiahyulianti,s.pd@example.com",Surabaya,2022-04-08
C000634,Marwata Tarihoran,customermarwatatarihoran@example.com,Yogyakarta,2023-01-27
C000635,Salwa Yulianti,customersalwayulianti@example.com,Surabaya,2020-12-03
C000636,Sari Samosir,customersarisamosir@example.com,Semarang,2020-07-31
C000637,"Bakijan Kuswoyo, S.Ked","customerbakijankuswoyo,s.ked@example.com",Semarang,2024-10-24
C000638,Cahyadi Rahayu,customercahyadirahayu@example.com,Semarang,2025-05-07
C000639,"Ibun Anggriawan, S.Ked","customeribunanggriawan,s.ked@example.com",Medan,2025-10-28
C000640,"drg. Talia Mustofa, M.Kom.","customerdrg.taliamustofa,m.kom.@example.com",Bandung,2021-05-08
C000641,Clara Jailani,customerclarajailani@example.com,Bandung,2022-07-26
C000642,Ifa Mandala,customerifamandala@example.com,Makassar,2023-07-07
C000643,"Murti Megantara, S.Pt","customermurtimegantara,s.pt@example.com",Bekasi,2021-06-29
C000644,Hj. Eli Farida,customerhj.elifarida@example.com,Medan,2020-02-04
C000645,"Pangestu Maryadi, S.Farm","customerpangestumaryadi,s.farm@example.com",Tangerang,2022-05-22
C000646,"R.A. Clara Januar, S.E.I","customerr.a.clarajanuar,s.e.i@example.com",Bandung,2024-12-17
C000647,Maria Sihotang,customermariasihotang@example.com,Surabaya,2024-04-21
C000648,Septi Hutasoit,customerseptihutasoit@example.com,Semarang,2022-10-11
C000649,"H. Akarsana Wahyuni, S.Pd","customerh.akarsanawahyuni,s.pd@example.com",Semarang,2023-03-13
C000650,Drs. Fitriani Wijaya,customerdrs.fitrianiwijaya@example.com,Yogyakarta,2025-10-21
C000651,"KH. Xanana Permadi, M.Kom.","customerkh.xananapermadi,m.kom.@example.com",Makassar,2020-08-11
C000652,Jamil Uyainah,customerjamiluyainah@example.com,Tangerang,2021-04-06
C000653,Dt. Gatra Simanjuntak,customerdt.gatrasimanjuntak@example.com,Surabaya,2020-10-17
C000654,"Ir. Lili Utama, M.Pd","customerir.liliutama,m.pd@example.com",Surabaya,2024-05-03
C000655,"R. Agus Rahmawati, S.Pt","customerr.agusrahmawati,s.pt@example.com",Jakarta,2025-04-13
C000656,Arta Halim,customerartahalim@example.com,Makassar,2022-12-09
C000657,Sari Mardhiyah,customersarimardhiyah@example.com,Makassar,2025-09-06
C000658,"Lalita Hutasoit, M.Pd","customerlalitahutasoit,m.pd@example.com",Bekasi,2024-09-30
C000659,Chelsea Saragih,customerchelseasaragih@example.com,Bandung,2021-09-17
C000660,Respati Mangunsong,customerrespatimangunsong@example.com,Bekasi,2025-09-25
C000661,Rini Usada,customerriniusada@example.com,Bandung,2023-08-31
C000662,"Maya Permadi, S.Gz","customermayapermadi,s.gz@example.com",Semarang,2023-06-24
C000663,Calista Hasanah,customercalistahasanah@example.com,Tangerang,2020-12-19
C000664,Salwa Wahyuni,customersalwawahyuni@example.com,Surabaya,2020-08-13
C000665,Nugraha Mandala,customernugrahamandala@example.com,Jakarta,2021-05-04
C000666,Jelita Nurdiyanti,customerjelitanurdiyanti@example.com,Bekasi,2021-11-02
C000667,Hardana Mahendra,customerhardanamahendra@example.com,Yogyakarta,2022-11-27
C000668,"Dt. Gandewa Aryani, S.T.","customerdt.gandewaaryani,s.t.@example.com",Bekasi,2021-04-28
C000669,Tania Permata,customertaniapermata@example.com,Bandung,2020-09-18
C000670,Oni Tarihoran,customeronitarihoran@example.com,Jakarta,2025-07-25
C000671,"Ir. Eli Uwais, S.E.","customerir.eliuwais,s.e.@example.com",Yogyakarta,2025-08-08
C000672,Hj. Tari Latupono,customerhj.tarilatupono@example.com,Semarang,2021-02-25
C000673,Artawan Budiman,customerartawanbudiman@example.com,Semarang,2025-09-15
C000674,Karimah Winarno,customerkarimahwinarno@example.com,Surabaya,2020-07-07
C000675,"Cut Puspa Yolanda, S.Farm","customercutpuspayolanda,s.farm@example.com",Semarang,2022-01-03
C000676,Hamzah Simanjuntak,customerhamzahsimanjuntak@example.com,Yogyakarta,2023-08-11
C000677,dr. Devi Mardhiyah,customerdr.devimardhiyah@example.com,Jakarta,2020-11-15
C000678,Rangga Maryati,customerranggamaryati@example.com,Jakarta,2022-01-04
C000679,Tomi Hastuti,customertomihastuti@example.com,Yogyakarta,2024-06-30
C000680,Clara Puspasari,customerclarapuspasari@example.com,Denpasar,2023-06-26
C000681,Farah Siregar,customerfarahsiregar@example.com,Tangerang,2020-02-02
C000682,"Sarah Prasasta, M.M.","customersarahprasasta,m.m.@example.com",Medan,2023-05-29
C000683,"KH. Daliman Palastri, S.H.","customerkh.dalimanpalastri,s.h.@example.com",Surabaya,2025-07-13
C000684,Aisyah Pradipta,customeraisyahpradipta@example.com,Bekasi,2020-01-27
C000685,"Salman Anggriawan, S.Psi","customersalmananggriawan,s.psi@example.com",Jakarta,2023-11-19
C000686,"Tgk. Ciaobella Putra, M.TI.","customertgk.ciaobellaputra,m.ti.@example.com",Semarang,2024-03-21
C000687,Almira Megantara,customeralmiramegantara@example.com,Yogyakarta,2024-09-15
C000688,Viman Pradipta,customervimanpradipta@example.com,Bekasi,2021-01-16
C000689,"Kasiyah Haryanti, S.Pt","customerkasiyahharyanti,s.pt@example.com",Tangerang,2024-08-18
C000690,R.M. Makuta Wijaya,customerr.m.makutawijaya@example.com,Bandung,2021-01-26
C000691,Salimah Mustofa,customersalimahmustofa@example.com,Semarang,2020-09-12
C000692,Zizi Sihotang,customerzizisihotang@example.com,Makassar,2023-04-09
C000693,Mila Saputra,customermilasaputra@example.com,Semarang,2023-08-29
C000694,Cahya Padmasari,customercahyapadmasari@example.com,Bandung,2020-11-01
C000695,Catur Hartati,customercaturhartati@example.com,Denpasar,2021-09-28
C000696,Devi Nasyiah,customerdevinasyiah@example.com,Medan,2023-07-10
C000697,Ina Hariyah,customerinahariyah@example.com,Yogyakarta,2022-04-30
C000698,Candrakanta Sihombing,customercandrakantasihombing@example.com,Tangerang,2021-05-06
C000699,Rafid Simbolon,customerrafidsimbolon@example.com,Surabaya,2020-06-14
C000700,"Hilda Tamba, S.Sos","customerhildatamba,s.sos@example.com",Bekasi,2021-01-08
C000701,"Eja Rajata, S.E.","customerejarajata,s.e.@example.com",Jakarta,2020-07-19
C000702,"Dr. Puti Pudjiastuti, S.H.","customerdr.putipudjiastuti,s.h.@example.com",Bandung,2024-07-14
C000703,Rangga Mandala,customerranggamandala@example.com,Bandung,2025-03-07
C000704,Radika Prasetya,customerradikaprasetya@example.com,Surabaya,2020-02-18
C000705,"drg. Kasiyah Usamah, S.Pt","customerdrg.kasiyahusamah,s.pt@example.com",Tangerang,2022-03-22
C000706,"Puti Ayu Haryanto, S.Kom","customerputiayuharyanto,s.kom@example.com",Denpasar,2022-11-26
C000707,Utama Sitompul,customerutamasitompul@example.com,Bandung,2021-06-11
C000708,Alika Narpati,customeralikanarpati@example.com,Tangerang,2020-06-23
C000709,"drg. Najwa Dabukke, S.Sos","customerdrg.najwadabukke,s.sos@example.com",Makassar,2024-11-09
C000710,Gabriella Nashiruddin,customergabriellanashiruddin@example.com,Yogyakarta,2021-12-08
C000711,Eka Firmansyah,customerekafirmansyah@example.com,Tangerang,2023-02-20
C000712,"Ega Mandasari, S.Farm","customeregamandasari,s.farm@example.com",Bekasi,2022-10-03
C000713,Bakianto Setiawan,customerbakiantosetiawan@example.com,Makassar,2025-05-16
C000714,Farah Yuniar,customerfarahyuniar@example.com,Bekasi,2021-07-16
C000715,"Rama Palastri, S.Ked","customerramapalastri,s.ked@example.com",Makassar,2022-10-17
C000716,Puji Laksita,customerpujilaksita@example.com,Medan,2024-01-10
C000717,Kayla Saputra,customerkaylasaputra@example.com,Surabaya,2025-08-19
C000718,Rina Prasetya,customerrinaprasetya@example.com,Jakarta,2020-04-16
C000719,Rusman Halimah,customerrusmanhalimah@example.com,Bekasi,2023-02-24
C000720,"Drs. Daruna Manullang, S.IP","customerdrs.darunamanullang,s.ip@example.com",Semarang,2024-01-04
C000721,Patricia Hakim,customerpatriciahakim@example.com,Semarang,2022-09-14
C000722,Zalindra Natsir,customerzalindranatsir@example.com,Surabaya,2024-05-09
C000723,dr. Yani Tamba,customerdr.yanitamba@example.com,Tangerang,2022-08-26
C000724,"Tira Thamrin, M.Farm","customertirathamrin,m.farm@example.com",Tangerang,2020-04-25
C000725,R.A. Zalindra Lailasari,customerr.a.zalindralailasari@example.com,Bekasi,2021-08-05
C000726,Joko Firgantoro,customerjokofirgantoro@example.com,Bandung,2023-06-19
C000727,Luhung Prasetya,customerluhungprasetya@example.com,Jakarta,2020-08-18
C000728,Ade Sitompul,customeradesitompul@example.com,Tangerang,2025-11-26
C000729,"R.M. Ganep Nugroho, S.Psi","customerr.m.ganepnugroho,s.psi@example.com",Jakarta,2022-04-05
C000730,Langgeng Megantara,customerlanggengmegantara@example.com,Bandung,2020-03-30
C000731,"dr. Belinda Wahyudin, S.Sos","customerdr.belindawahyudin,s.sos@example.com",Tangerang,2025-11-25
C000732,Ilsa Sinaga,customerilsasinaga@example.com,Surabaya,2021-02-17
C000733,"Maya Uyainah, M.Kom.","customermayauyainah,m.kom.@example.com",Medan,2021-10-07
C000734,"Putri Susanti, S.I.Kom","customerputrisusanti,s.i.kom@example.com",Semarang,2021-12-14
C000735,Ina Sihombing,customerinasihombing@example.com,Surabaya,2021-12-19
C000736,"Ade Pertiwi, S.Sos","customeradepertiwi,s.sos@example.com",Tangerang,2021-12-28
C000737,Luhung Simanjuntak,customerluhungsimanjuntak@example.com,Tangerang,2020-05-12
C000738,"Karya Jailani, M.Kom.","customerkaryajailani,m.kom.@example.com",Surabaya,2022-06-23
C000739,"Citra Prakasa, S.I.Kom","customercitraprakasa,s.i.kom@example.com",Medan,2023-09-18
C000740,"Timbul Irawan, S.Psi","customertimbulirawan,s.psi@example.com",Denpasar,2021-11-18
C000741,Fathonah Prayoga,customerfathonahprayoga@example.com,Bandung,2020-02-16
C000742,Winda Kurniawan,customerwindakurniawan@example.com,Jakarta,2023-12-06
C000743,Maida Andriani,customermaidaandriani@example.com,Surabaya,2020-07-16
C000744,Keisha Tampubolon,customerkeishatampubolon@example.com,Bekasi,2024-08-22
C000745,Radit Kuswandari,customerraditkuswandari@example.com,Tangerang,2024-03-17
C000746,Jabal Hidayanto,customerjabalhidayanto@example.com,Jakarta,2022-07-12
C000747,Galuh Rajata,customergaluhrajata@example.com,Bandung,2023-04-22
C000748,Ella Waluyo,customerellawaluyo@example.com,Surabaya,2020-10-30
C000749,R. Gandi Riyanti,customerr.gandiriyanti@example.com,Tangerang,2020-11-03
C000750,"Ana Astuti, S.E.","customeranaastuti,s.e.@example.com",Tangerang,2025-05-31
C000751,Asmadi Januar,customerasmadijanuar@example.com,Medan,2024-11-13
C000752,Hasan Puspasari,customerhasanpuspasari@example.com,Bekasi,2022-04-21
C000753,"Eko Salahudin, S.H.","customerekosalahudin,s.h.@example.com",Bandung,2022-12-22
C000754,Queen Pudjiastuti,customerqueenpudjiastuti@example.com,Denpasar,2020-07-22
C000755,Gatra Adriansyah,customergatraadriansyah@example.com,Makassar,2021-09-21
C000756,Yuni Wijayanti,customeryuniwijayanti@example.com,Tangerang,2020-12-24
C000757,Bakti Dongoran,customerbaktidongoran@example.com,Semarang,2025-05-21
C000758,"Erik Hutapea, M.Kom.","customererikhutapea,m.kom.@example.com",Bandung,2021-11-30
C000759,"dr. Jarwi Lestari, S.T.","customerdr.jarwilestari,s.t.@example.com",Bandung,2023-06-17
C000760,Hairyanto Wibowo,customerhairyantowibowo@example.com,Medan,2024-05-06
C000761,Aurora Saptono,customeraurorasaptono@example.com,Denpasar,2022-02-03
C000762,Genta Santoso,customergentasantoso@example.com,Tangerang,2025-03-19
C000763,Parman Widiastuti,customerparmanwidiastuti@example.com,Bandung,2020-09-09
C000764,"Gangsar Namaga, S.Farm","customergangsarnamaga,s.farm@example.com",Tangerang,2020-12-17
C000765,Dt. Saadat Wibisono,customerdt.saadatwibisono@example.com,Bekasi,2022-07-20
C000766,Ir. Sakti Kusmawati,customerir.saktikusmawati@example.com,Tangerang,2024-09-10
C000767,Ifa Hutapea,customerifahutapea@example.com,Makassar,2022-08-23
C000768,Drs. Umay Maryati,customerdrs.umaymaryati@example.com,Tangerang,2020-05-22
C000769,Wasis Hassanah,customerwasishassanah@example.com,Surabaya,2021-08-26
C000770,Respati Nababan,customerrespatinababan@example.com,Surabaya,2021-11-15
C000771,Cindy Zulaika,customercindyzulaika@example.com,Makassar,2020-06-23
C000772,"Hj. Dalima Riyanti, S.T.","customerhj.dalimariyanti,s.t.@example.com",Medan,2022-04-07
C000773,Harsanto Puspita,customerharsantopuspita@example.com,Makassar,2020-10-01
C000774,"Tgk. Putri Haryanti, S.Ked","customertgk.putriharyanti,s.ked@example.com",Tangerang,2023-08-28
C000775,"dr. Balidin Agustina, S.E.I","customerdr.balidinagustina,s.e.i@example.com",Surabaya,2025-11-10
C000776,Kardi Januar,customerkardijanuar@example.com,Yogyakarta,2021-02-14
C000777,Hani Winarno,customerhaniwinarno@example.com,Denpasar,2023-11-09
C000778,Cawuk Saefullah,customercawuksaefullah@example.com,Makassar,2025-04-21
C000779,Ir. Sabrina Wacana,customerir.sabrinawacana@example.com,Jakarta,2021-08-12
C000780,Shakila Prakasa,customershakilaprakasa@example.com,Jakarta,2024-06-09
C000781,Kasiyah Damanik,customerkasiyahdamanik@example.com,Medan,2025-04-30
C000782,Indah Lestari,customerindahlestari@example.com,Bandung,2023-05-26
C000783,Eja Handayani,customerejahandayani@example.com,Medan,2022-07-22
C000784,"Lidya Suartini, S.Pt","customerlidyasuartini,s.pt@example.com",Semarang,2023-01-08
C000785,Vino Wasita,customervinowasita@example.com,Denpasar,2024-12-14
C000786,"dr. Yuni Hakim, M.TI.","customerdr.yunihakim,m.ti.@example.com",Surabaya,2025-10-16
C000787,Titin Mayasari,customertitinmayasari@example.com,Makassar,2020-09-25
C000788,"Dr. Tasnim Purnawati, S.Ked","customerdr.tasnimpurnawati,s.ked@example.com",Surabaya,2021-07-09
C000789,"R.A. Zalindra Hakim, S.H.","customerr.a.zalindrahakim,s.h.@example.com",Jakarta,2022-02-28
C000790,Vega Tarihoran,customervegatarihoran@example.com,Semarang,2025-02-12
C000791,Yuni Hariyah,customeryunihariyah@example.com,Bekasi,2023-01-27
C000792,"Virman Maheswara, S.Ked","customervirmanmaheswara,s.ked@example.com",Semarang,2024-06-13
C000793,Rina Hassanah,customerrinahassanah@example.com,Surabaya,2024-03-05
C000794,Drs. Kamaria Situmorang,customerdrs.kamariasitumorang@example.com,Surabaya,2025-04-27
C000795,"Yance Iswahyudi, S.Pd","customeryanceiswahyudi,s.pd@example.com",Jakarta,2022-11-25
C000796,Carub Pertiwi,customercarubpertiwi@example.com,Semarang,2024-05-02
C000797,"Darmanto Wastuti, S.Kom","customerdarmantowastuti,s.kom@example.com",Yogyakarta,2022-06-25
C000798,Dt. Saka Zulaika,customerdt.sakazulaika@example.com,Jakarta,2024-08-04
C000799,Marsudi Natsir,customermarsudinatsir@example.com,Tangerang,2025-04-25
C000800,Dono Sudiati,customerdonosudiati@example.com,Yogyakarta,2020-02-04
C000801,Keisha Tampubolon,customerkeishatampubolon@example.com,Denpasar,2023-02-01
C000802,Jaka Sihombing,customerjakasihombing@example.com,Bekasi,2022-10-29
C000803,Puti Agnes Melani,customerputiagnesmelani@example.com,Medan,2024-06-14
C000804,Silvia Kurniawan,customersilviakurniawan@example.com,Denpasar,2023-03-03
C000805,Ika Uyainah,customerikauyainah@example.com,Medan,2020-09-18
C000806,Safina Yulianti,customersafinayulianti@example.com,Yogyakarta,2023-02-08
C000807,Kariman Permadi,customerkarimanpermadi@example.com,Jakarta,2022-02-10
C000808,"Galuh Zulaika, S.E.I","customergaluhzulaika,s.e.i@example.com",Jakarta,2024-07-13
C000809,Hana Andriani,customerhanaandriani@example.com,Makassar,2025-07-30
C000810,"Ani Padmasari, M.Farm","customeranipadmasari,m.farm@example.com",Semarang,2024-05-09
C000811,"Tania Prasetya, M.Pd","customertaniaprasetya,m.pd@example.com",Denpasar,2023-11-06
C000812,T. Surya Narpati,customert.suryanarpati@example.com,Bekasi,2024-01-08
C000813,Cinta Halimah,customercintahalimah@example.com,Surabaya,2022-01-11
C000814,"Yani Purwanti, S.E.","customeryanipurwanti,s.e.@example.com",Medan,2022-11-25
C000815,Garang Prasetyo,customergarangprasetyo@example.com,Yogyakarta,2020-12-31
C000816,"Tgk. Hardana Rajata, M.Farm","customertgk.hardanarajata,m.farm@example.com",Yogyakarta,2024-09-18
C000817,"Puti Nadine Habibi, M.Farm","customerputinadinehabibi,m.farm@example.com",Tangerang,2025-03-14
C000818,Febi Mardhiyah,customerfebimardhiyah@example.com,Bandung,2020-10-18
C000819,T. Hendri Habibi,customert.hendrihabibi@example.com,Surabaya,2024-04-12
C000820,Gangsa Wasita,customergangsawasita@example.com,Tangerang,2021-07-16
C000821,Galih Najmudin,customergalihnajmudin@example.com,Bandung,2025-02-17
C000822,Siti Nugroho,customersitinugroho@example.com,Medan,2025-06-20
C000823,Jabal Saefullah,customerjabalsaefullah@example.com,Semarang,2020-08-25
C000824,R. Nurul Irawan,customerr.nurulirawan@example.com,Surabaya,2021-11-21
C000825,"Ikhsan Waskita, S.Farm","customerikhsanwaskita,s.farm@example.com",Denpasar,2024-11-11
C000826,Aris Nasyidah,customerarisnasyidah@example.com,Semarang,2024-04-19
C000827,Tri Sinaga,customertrisinaga@example.com,Bekasi,2024-03-08
C000828,Murti Ardianto,customermurtiardianto@example.com,Semarang,2022-02-19
C000829,"Jelita Saragih, S.E.I","customerjelitasaragih,s.e.i@example.com",Bandung,2022-07-15
C000830,Drs. Gaduh Marbun,customerdrs.gaduhmarbun@example.com,Bandung,2024-04-20
C000831,Icha Hasanah,customerichahasanah@example.com,Bekasi,2020-07-06
C000832,Maya Mansur,customermayamansur@example.com,Medan,2025-11-16
C000833,Umi Nainggolan,customeruminainggolan@example.com,Surabaya,2025-06-30
C000834,Darsirah Prasetyo,customerdarsirahprasetyo@example.com,Surabaya,2024-07-10
C000835,"Ayu Rahmawati, M.TI.","customerayurahmawati,m.ti.@example.com",Surabaya,2022-05-15
C000836,Tania Yulianti,customertaniayulianti@example.com,Jakarta,2021-05-19
C000837,"Dodo Nasyidah, M.Ak","customerdodonasyidah,m.ak@example.com",Jakarta,2024-03-16
C000838,"Balangga Yolanda, S.Ked","customerbalanggayolanda,s.ked@example.com",Jakarta,2020-07-15
C000839,Maimunah Wibowo,customermaimunahwibowo@example.com,Bandung,2021-04-19
C000840,Tira Mangunsong,customertiramangunsong@example.com,Semarang,2022-11-01
C000841,Lili Wijayanti,customerliliwijayanti@example.com,Bandung,2020-02-08
C000842,Sarah Sudiati,customersarahsudiati@example.com,Surabaya,2025-11-01
C000843,"Puti Oni Safitri, S.IP","customerputionisafitri,s.ip@example.com",Yogyakarta,2024-09-11
C000844,"R. Jamal Napitupulu, M.Ak","customerr.jamalnapitupulu,m.ak@example.com",Semarang,2021-04-11
C000845,"Drs. Farah Tamba, S.Farm","customerdrs.farahtamba,s.farm@example.com",Yogyakarta,2022-12-13
C000846,Kuncara Mandasari,customerkuncaramandasari@example.com,Semarang,2021-10-18
C000847,Gilda Adriansyah,customergildaadriansyah@example.com,Jakarta,2025-05-22
C000848,Rafid Pertiwi,customerrafidpertiwi@example.com,Denpasar,2020-12-30
C000849,Purwadi Melani,customerpurwadimelani@example.com,Bandung,2021-09-02
C000850,Syahrini Pradipta,customersyahrinipradipta@example.com,Denpasar,2021-02-18
C000851,Malika Hardiansyah,customermalikahardiansyah@example.com,Bandung,2023-04-27
C000852,"Cut Zulaikha Siregar, S.I.Kom","customercutzulaikhasiregar,s.i.kom@example.com",Medan,2021-12-16
C000853,"Calista Kuswoyo, S.Gz","customercalistakuswoyo,s.gz@example.com",Jakarta,2024-10-10
C000854,"Marsudi Narpati, S.Psi","customermarsudinarpati,s.psi@example.com",Medan,2021-07-20
C000855,Tgk. Uchita Iswahyudi,customertgk.uchitaiswahyudi@example.com,Medan,2024-11-27
C000856,Balijan Wacana,customerbalijanwacana@example.com,Makassar,2023-11-04
C000857,Zahra Winarno,customerzahrawinarno@example.com,Denpasar,2025-02-12
C000858,"Timbul Marbun, S.IP","customertimbulmarbun,s.ip@example.com",Surabaya,2024-09-23
C000859,"R. Ciaobella Agustina, M.Farm","customerr.ciaobellaagustina,m.farm@example.com",Denpasar,2020-08-28
C000860,Lurhur Wibowo,customerlurhurwibowo@example.com,Medan,2024-11-29
C000861,"Hj. Zalindra Mustofa, M.Kom.","customerhj.zalindramustofa,m.kom.@example.com",Denpasar,2020-04-28
C000862,Maida Gunawan,customermaidagunawan@example.com,Bandung,2021-04-07
C000863,"Galar Budiman, M.TI.","customergalarbudiman,m.ti.@example.com",Tangerang,2022-12-07
C000864,"Taufan Sirait, M.TI.","customertaufansirait,m.ti.@example.com",Bekasi,2022-07-06
C000865,Salimah Prayoga,customersalimahprayoga@example.com,Denpasar,2021-01-25
C000866,"Murti Yuniar, S.Sos","customermurtiyuniar,s.sos@example.com",Surabaya,2023-11-17
C000867,Margana Manullang,customermarganamanullang@example.com,Bekasi,2020-08-11
C000868,"Dr. Eli Hutagalung, M.Kom.","customerdr.elihutagalung,m.kom.@example.com",Medan,2025-04-06
C000869,Indah Hardiansyah,customerindahhardiansyah@example.com,Bekasi,2022-09-13
C000870,Ir. Harja Waskita,customerir.harjawaskita@example.com,Semarang,2022-07-01
C000871,Maimunah Pertiwi,customermaimunahpertiwi@example.com,Denpasar,2020-11-18
C000872,"Dr. Melinda Sihotang, S.IP","customerdr.melindasihotang,s.ip@example.com",Denpasar,2020-12-26
C000873,Hadi Zulkarnain,customerhadizulkarnain@example.com,Jakarta,2020-03-13
C000874,"Puti Widya Suartini, M.Ak","customerputiwidyasuartini,m.ak@example.com",Yogyakarta,2020-01-01
C000875,Sutan Marwata Winarsih,customersutanmarwatawinarsih@example.com,Denpasar,2025-09-13
C000876,Yunita Habibi,customeryunitahabibi@example.com,Semarang,2023-10-28
C000877,Putri Safitri,customerputrisafitri@example.com,Tangerang,2025-02-04
C000878,"Sakura Utama, M.M.","customersakurautama,m.m.@example.com",Bandung,2025-04-21
C000879,"Ir. Darman Adriansyah, S.Psi","customerir.darmanadriansyah,s.psi@example.com",Medan,2021-02-03
C000880,Dr. Hardi Kurniawan,customerdr.hardikurniawan@example.com,Jakarta,2023-04-10
C000881,Dina Wasita,customerdinawasita@example.com,Bandung,2021-11-03
C000882,R.A. Fitriani Lazuardi,customerr.a.fitrianilazuardi@example.com,Makassar,2022-11-07
C000883,Yunita Nainggolan,customeryunitanainggolan@example.com,Medan,2022-06-02
C000884,"dr. Arsipatra Usada, M.Farm","customerdr.arsipatrausada,m.farm@example.com",Bandung,2021-03-17
C000885,Sakura Rahmawati,customersakurarahmawati@example.com,Bekasi,2025-01-19
C000886,Agnes Nuraini,customeragnesnuraini@example.com,Jakarta,2021-07-05
C000887,"Ir. Novi Melani, S.E.","customerir.novimelani,s.e.@example.com",Tangerang,2024-11-07
C000888,"Yulia Mahendra, S.IP","customeryuliamahendra,s.ip@example.com",Makassar,2021-12-12
C000889,dr. Hari Sudiati,customerdr.harisudiati@example.com,Semarang,2023-08-11
C000890,Jasmin Sihombing,customerjasminsihombing@example.com,Denpasar,2023-01-25
C000891,Hendri Suartini,customerhendrisuartini@example.com,Bekasi,2021-06-30
C000892,"Drs. Zelda Sihotang, M.Pd","customerdrs.zeldasihotang,m.pd@example.com",Semarang,2023-05-09
C000893,Leo Siregar,customerleosiregar@example.com,Medan,2022-04-02
C000894,"Sadina Nugroho, M.TI.","customersadinanugroho,m.ti.@example.com",Bekasi,2021-06-27
C000895,"Calista Thamrin, M.Pd","customercalistathamrin,m.pd@example.com",Denpasar,2023-08-13
C000896,"Pangeran Nasyidah, S.Pd","customerpangerannasyidah,s.pd@example.com",Makassar,2024-09-05
C000897,R. Ajiono Wibowo,customerr.ajionowibowo@example.com,Surabaya,2020-02-22
C000898,"Asman Pangestu, S.T.","customerasmanpangestu,s.t.@example.com",Surabaya,2020-08-05
C000899,"Dwi Maulana, S.Gz","customerdwimaulana,s.gz@example.com",Yogyakarta,2023-03-19
C000900,"Dr. Anggabaya Tamba, M.M.","customerdr.anggabayatamba,m.m.@example.com",Bandung,2022-04-15
C000901,"Septi Purwanti, S.Sos","customerseptipurwanti,s.sos@example.com",Semarang,2022-07-07
C000902,"KH. Raditya Suwarno, S.Gz","customerkh.radityasuwarno,s.gz@example.com",Makassar,2025-09-23
C000903,Winda Sihotang,customerwindasihotang@example.com,Bekasi,2024-05-06
C000904,Paiman Ramadan,customerpaimanramadan@example.com,Semarang,2020-08-08
C000905,"R.A. Siska Yuliarti, S.I.Kom","customerr.a.siskayuliarti,s.i.kom@example.com",Tangerang,2024-12-19
C000906,"H. Yoga Nababan, S.Pd","customerh.yoganababan,s.pd@example.com",Denpasar,2022-03-15
C000907,"Bahuraksa Nashiruddin, S.E.","customerbahuraksanashiruddin,s.e.@example.com",Bekasi,2021-12-27
C000908,Azalea Aryani,customerazaleaaryani@example.com,Yogyakarta,2021-05-03
C000909,Caraka Padmasari,customercarakapadmasari@example.com,Yogyakarta,2022-12-18
C000910,Nadia Mangunsong,customernadiamangunsong@example.com,Jakarta,2020-01-24
C000911,Rina Habibi,customerrinahabibi@example.com,Tangerang,2021-09-21
C000912,Widya Pertiwi,customerwidyapertiwi@example.com,Bekasi,2023-05-18
C000913,Purwanto Simanjuntak,customerpurwantosimanjuntak@example.com,Bekasi,2024-01-06
C000914,Karma Hidayat,customerkarmahidayat@example.com,Bekasi,2022-06-19
C000915,Puji Nasyiah,customerpujinasyiah@example.com,Makassar,2021-10-14
C000916,Gawati Prabowo,customergawatiprabowo@example.com,Medan,2021-01-11
C000917,Ida Pratama,customeridapratama@example.com,Tangerang,2023-09-18
C000918,Putri Yulianti,customerputriyulianti@example.com,Jakarta,2025-12-12
C000919,"Ganjaran Hassanah, S.H.","customerganjaranhassanah,s.h.@example.com",Tangerang,2021-04-14
C000920,Mahmud Sinaga,customermahmudsinaga@example.com,Makassar,2022-09-25
C000921,Hamima Namaga,customerhamimanamaga@example.com,Yogyakarta,2021-04-09
C000922,KH. Hardi Mulyani,customerkh.hardimulyani@example.com,Bekasi,2020-04-11
C000923,Aurora Sihombing,customeraurorasihombing@example.com,Semarang,2024-12-30
C000924,R. Warta Kuswoyo,customerr.wartakuswoyo@example.com,Surabaya,2023-08-05
C000925,Luis Haryanto,customerluisharyanto@example.com,Semarang,2025-12-24
C000926,"Hj. Lintang Jailani, S.Kom","customerhj.lintangjailani,s.kom@example.com",Bekasi,2022-05-23
C000927,"Rendy Hidayanto, S.E.I","customerrendyhidayanto,s.e.i@example.com",Jakarta,2024-11-17
C000928,"Julia Firgantoro, S.Pt","customerjuliafirgantoro,s.pt@example.com",Bandung,2025-02-23
C000929,Putu Ramadan,customerputuramadan@example.com,Bekasi,2020-08-10
C000930,R.A. Hana Wasita,customerr.a.hanawasita@example.com,Makassar,2020-10-15
C000931,"Halim Astuti, S.Psi","customerhalimastuti,s.psi@example.com",Jakarta,2025-01-21
C000932,"Banara Nasyidah, S.Ked","customerbanaranasyidah,s.ked@example.com",Tangerang,2024-05-14
C000933,"H. Lanang Gunawan, S.Pt","customerh.lananggunawan,s.pt@example.com",Medan,2020-09-16
C000934,Elvin Sihombing,customerelvinsihombing@example.com,Tangerang,2025-08-21
C000935,Vanesa Farida,customervanesafarida@example.com,Makassar,2020-12-20
C000936,"Hj. Ana Kusmawati, S.E.","customerhj.anakusmawati,s.e.@example.com",Bekasi,2024-06-06
C000937,Pangeran Wijaya,customerpangeranwijaya@example.com,Bekasi,2022-06-19
C000938,"Cakrabirawa Salahudin, S.I.Kom","customercakrabirawasalahudin,s.i.kom@example.com",Jakarta,2023-04-23
C000939,Artanto Ardianto,customerartantoardianto@example.com,Tangerang,2021-08-02
C000940,Dr. Warsita Hutasoit,customerdr.warsitahutasoit@example.com,Yogyakarta,2024-06-02
C000941,"Ulya Situmorang, S.Kom","customerulyasitumorang,s.kom@example.com",Makassar,2022-05-10
C000942,Caraka Nashiruddin,customercarakanashiruddin@example.com,Semarang,2025-09-30
C000943,Balijan Najmudin,customerbalijannajmudin@example.com,Tangerang,2022-11-01
C000944,"Drs. Malika Yuliarti, M.Pd","customerdrs.malikayuliarti,m.pd@example.com",Bandung,2020-08-10
C000945,"Bagas Ramadan, S.IP","customerbagasramadan,s.ip@example.com",Semarang,2023-04-05
C000946,Kani Mahendra,customerkanimahendra@example.com,Semarang,2025-06-18
C000947,Raina Hidayat,customerrainahidayat@example.com,Semarang,2021-02-13
C000948,Mila Sitompul,customermilasitompul@example.com,Tangerang,2023-07-25
C000949,"Restu Mangunsong, M.Farm","customerrestumangunsong,m.farm@example.com",Tangerang,2023-06-06
C000950,"Tgk. Yusuf Aryani, S.E.","customertgk.yusufaryani,s.e.@example.com",Jakarta,2024-02-01
C000951,Panji Prasetya,customerpanjiprasetya@example.com,Makassar,2023-07-06
C000952,"dr. Diana Wastuti, S.Psi","customerdr.dianawastuti,s.psi@example.com",Denpasar,2023-02-07
C000953,Kani Samosir,customerkanisamosir@example.com,Denpasar,2025-03-10
C000954,Mariadi Sudiati,customermariadisudiati@example.com,Bandung,2021-03-21
C000955,"R. Paulin Napitupulu, S.T.","customerr.paulinnapitupulu,s.t.@example.com",Bandung,2023-02-23
C000956,Samsul Mayasari,customersamsulmayasari@example.com,Jakarta,2020-11-04
C000957,"Drs. Danuja Firgantoro, M.Pd","customerdrs.danujafirgantoro,m.pd@example.com",Yogyakarta,2024-07-17
C000958,"Prayitna Maryadi, S.I.Kom","customerprayitnamaryadi,s.i.kom@example.com",Makassar,2025-04-17
C000959,"Drs. Oskar Siregar, S.E.I","customerdrs.oskarsiregar,s.e.i@example.com",Denpasar,2022-07-03
C000960,R. Hasta Utama,customerr.hastautama@example.com,Bekasi,2025-08-14
C000961,"Digdaya Susanti, S.E.","customerdigdayasusanti,s.e.@example.com",Bekasi,2020-02-13
C000962,Endah Nugroho,customerendahnugroho@example.com,Tangerang,2021-07-28
C000963,"Uchita Laksmiwati, S.I.Kom","customeruchitalaksmiwati,s.i.kom@example.com",Jakarta,2021-08-21
C000964,"drg. Daru Haryanto, S.T.","customerdrg.daruharyanto,s.t.@example.com",Medan,2022-06-15
C000965,Mulyono Putra,customermulyonoputra@example.com,Bekasi,2022-08-16
C000966,Nadine Hasanah,customernadinehasanah@example.com,Jakarta,2024-01-19
C000967,"Gaman Jailani, M.TI.","customergamanjailani,m.ti.@example.com",Yogyakarta,2020-06-12
C000968,Drs. Qori Natsir,customerdrs.qorinatsir@example.com,Makassar,2022-12-14
C000969,Rini Yolanda,customerriniyolanda@example.com,Bandung,2024-03-30
C000970,Keisha Prasetyo,customerkeishaprasetyo@example.com,Bekasi,2025-10-17
C000971,Yuliana Situmorang,customeryulianasitumorang@example.com,Denpasar,2024-07-20
C000972,Cut Olivia Mandala,customercutoliviamandala@example.com,Denpasar,2025-05-28
C000973,Bahuwarna Mulyani,customerbahuwarnamulyani@example.com,Yogyakarta,2021-11-09
C000974,Cengkir Manullang,customercengkirmanullang@example.com,Medan,2022-05-16
C000975,"Dartono Agustina, S.Psi","customerdartonoagustina,s.psi@example.com",Bandung,2021-04-29
C000976,"Jatmiko Kuswandari, S.Kom","customerjatmikokuswandari,s.kom@example.com",Tangerang,2025-05-26
C000977,"Rafi Zulkarnain, S.Ked","customerrafizulkarnain,s.ked@example.com",Semarang,2021-10-22
C000978,Kemal Rahayu,customerkemalrahayu@example.com,Surabaya,2020-06-25
C000979,"Kambali Gunarto, M.Farm","customerkambaligunarto,m.farm@example.com",Surabaya,2021-07-05
C000980,Eka Najmudin,customerekanajmudin@example.com,Bekasi,2020-08-17
C000981,Ir. Suci Budiyanto,customerir.sucibudiyanto@example.com,Yogyakarta,2024-07-18
C000982,Ikin Sudiati,customerikinsudiati@example.com,Denpasar,2020-12-17
C000983,Darmaji Zulkarnain,customerdarmajizulkarnain@example.com,Tangerang,2025-05-26
C000984,"Drs. Rizki Najmudin, M.Ak","customerdrs.rizkinajmudin,m.ak@example.com",Bekasi,2021-08-07
C000985,Nyoman Siregar,customernyomansiregar@example.com,Denpasar,2022-12-19
C000986,Harja Winarno,customerharjawinarno@example.com,Surabaya,2020-10-08
C000987,Damar Nurdiyanti,customerdamarnurdiyanti@example.com,Bekasi,2021-03-20
C000988,"R. Rachel Kuswoyo, S.E.","customerr.rachelkuswoyo,s.e.@example.com",Denpasar,2024-09-15
C000989,"Dr. Jefri Lazuardi, S.Pt","customerdr.jefrilazuardi,s.pt@example.com",Denpasar,2020-06-08
C000990,Drs. Yunita Adriansyah,customerdrs.yunitaadriansyah@example.com,Makassar,2021-06-17
C000991,Kartika Gunawan,customerkartikagunawan@example.com,Bekasi,2025-11-08
C000992,Wakiman Laksmiwati,customerwakimanlaksmiwati@example.com,Makassar,2024-10-23
C000993,Ir. Cinthia Anggraini,customerir.cinthiaanggraini@example.com,Surabaya,2023-12-06
C000994,Vivi Pradipta,customervivipradipta@example.com,Bandung,2022-11-08
C000995,Drs. Laila Rajasa,customerdrs.lailarajasa@example.com,Semarang,2023-03-06
C000996,"Uli Ardianto, M.Farm","customeruliardianto,m.farm@example.com",Bekasi,2020-01-23
C000997,Dt. Harimurti Yolanda,customerdt.harimurtiyolanda@example.com,Semarang,2021-04-27
C000998,Karen Kurniawan,customerkarenkurniawan@example.com,Surabaya,2023-07-17
C000999,"Lanang Ramadan, S.T.","customerlanangramadan,s.t.@example.com",Bekasi,2024-10-11
C001000,dr. Rahmi Saefullah,customerdr.rahmisaefullah@example.com,Makassar,2024-09-30
