campaign_id,campaign_name,start_date,end_date,channel
CAM000001,New Year Sale 000001,2023-08-02,2023-08-08,Display Ads
CAM000002,Back to School 000002,2021-07-17,2021-07-27,Social Media
CAM000003,Weekend Sale 000003,2024-02-17,2024-02-23,Email
CAM000004,New Year Sale 000004,2023-04-24,2023-05-10,Email
CAM000005,Back to School 000005,2020-07-10,2020-07-19,Affiliate
CAM000006,Weekend Sale 000006,2023-05-17,2023-05-20,Social Media
CAM000007,Weekend Sale 000007,2024-01-06,2024-01-29,Push Notification
CAM000008,Member Exclusive 000008,2021-03-27,2021-04-13,SMS
CAM000009,New Year Sale 000009,2024-07-15,2024-08-14,Social Media
CAM000010,Black Friday 000010,2023-11-30,2023-12-16,SMS
CAM000011,Black Friday 000011,2020-11-14,2020-11-23,Email
CAM000012,Ramadan Sale 000012,2020-07-08,2020-07-23,SMS
CAM000013,Member Exclusive 000013,2024-10-01,2024-10-15,SMS
CAM000014,Flash Sale 000014,2024-07-10,2024-07-14,Affiliate
CAM000015,Ramadan Sale 000015,2020-09-12,2020-09-27,Affiliate
CAM000016,Member Exclusive 000016,2021-08-23,2021-09-21,SMS
CAM000017,Ramadan Sale 000017,2023-03-28,2023-04-06,Email
CAM000018,Independence Day 000018,2023-09-16,2023-09-26,Email
CAM000019,Ramadan Sale 000019,2024-10-17,2024-10-27,Push Notification
CAM000020,Black Friday 000020,2021-07-23,2021-08-09,Social Media
CAM000021,Back to School 000021,2022-01-28,2022-02-11,Display Ads
CAM000022,Ramadan Sale 000022,2021-06-30,2021-07-25,Affiliate
CAM000023,Weekend Sale 000023,2023-07-24,2023-08-01,Display Ads
CAM000024,Flash Sale 000024,2021-05-16,2021-05-24,Push Notification
CAM000025,Weekend Sale 000025,2021-07-06,2021-07-29,Social Media
CAM000026,New Year Sale 000026,2023-11-03,2023-11-16,Social Media
CAM000027,Black Friday 000027,2024-08-10,2024-08-14,Push Notification
CAM000028,Back to School 000028,2021-07-02,2021-07-07,Affiliate
CAM000029,Black Friday 000029,2024-11-29,2024-12-24,Social Media
CAM000030,Year End Sale 000030,2023-09-04,2023-09-22,Display Ads
CAM000031,Independence Day 000031,2022-07-28,2022-08-04,Social Media
CAM000032,Weekend Sale 000032,2021-05-20,2021-06-15,Affiliate
CAM000033,Member Exclusive 000033,2021-06-22,2021-07-18,Push Notification
CAM000034,Year End Sale 000034,2025-01-12,2025-02-02,SMS
CAM000035,Weekend Sale 000035,2021-03-25,2021-04-01,Push Notification
CAM000036,New Year Sale 000036,2020-07-05,2020-08-01,Email
CAM000037,Lebaran Sale 000037,2020-11-09,2020-12-02,Display Ads
CAM000038,Ramadan Sale 000038,2022-05-14,2022-06-05,Push Notification
CAM000039,Flash Sale 000039,2022-02-20,2022-03-14,Affiliate
CAM000040,New Year Sale 000040,2021-05-29,2021-06-18,Display Ads
CAM000041,Weekend Sale 000041,2024-01-16,2024-01-22,SMS
CAM000042,Black Friday 000042,2024-04-23,2024-05-16,Email
CAM000043,Lebaran Sale 000043,2021-08-24,2021-09-09,Push Notification
CAM000044,Independence Day 000044,2020-01-07,2020-02-02,Affiliate
CAM000045,Weekend Sale 000045,2024-04-09,2024-04-17,Email
CAM000046,Independence Day 000046,2024-11-17,2024-12-10,Display Ads
CAM000047,Back to School 000047,2022-11-05,2022-11-27,Social Media
CAM000048,Lebaran Sale 000048,2022-02-04,2022-03-03,Affiliate
CAM000049,Weekend Sale 000049,2025-05-06,2025-06-02,Email
CAM000050,Flash Sale 000050,2023-05-11,2023-05-24,Email
CAM000051,Independence Day 000051,2020-08-17,2020-08-31,Social Media
CAM000052,Member Exclusive 000052,2020-04-28,2020-05-08,Email
CAM000053,Flash Sale 000053,2020-06-24,2020-07-20,Email
CAM000054,Lebaran Sale 000054,2024-04-06,2024-04-26,Social Media
CAM000055,Weekend Sale 000055,2023-09-13,2023-10-01,Social Media
CAM000056,Member Exclusive 000056,2021-06-26,2021-07-15,Push Notification
CAM000057,Weekend Sale 000057,2025-05-29,2025-06-07,Display Ads
CAM000058,Independence Day 000058,2023-11-13,2023-11-22,Push Notification
CAM000059,Black Friday 000059,2023-10-07,2023-10-30,Push Notification
CAM000060,Flash Sale 000060,2025-01-16,2025-02-04,Email
CAM000061,Ramadan Sale 000061,2021-05-22,2021-06-01,SMS
CAM000062,Weekend Sale 000062,2020-02-13,2020-03-05,Social Media
CAM000063,New Year Sale 000063,2023-04-20,2023-04-30,Email
CAM000064,New Year Sale 000064,2023-12-20,2024-01-12,Social Media
CAM000065,Black Friday 000065,2020-05-18,2020-05-22,Email
CAM000066,Independence Day 000066,2022-11-18,2022-11-28,Display Ads
CAM000067,Weekend Sale 000067,2022-09-21,2022-09-30,Social Media
CAM000068,Member Exclusive 000068,2024-01-21,2024-02-11,Push Notification
CAM000069,Flash Sale 000069,2021-05-12,2021-06-09,Push Notification
CAM000070,Ramadan Sale 000070,2021-01-24,2021-01-30,Display Ads
CAM000071,Year End Sale 000071,2022-06-01,2022-06-15,Push Notification
CAM000072,New Year Sale 000072,2022-08-14,2022-09-13,Display Ads
CAM000073,Ramadan Sale 000073,2023-08-31,2023-09-23,Email
CAM000074,Black Friday 000074,2022-04-04,2022-04-30,Email
CAM000075,Back to School 000075,2021-05-24,2021-06-02,Affiliate
CAM000076,Year End Sale 000076,2022-07-07,2022-07-14,Social Media
CAM000077,Back to School 000077,2021-07-24,2021-08-10,Email
CAM000078,Weekend Sale 000078,2022-06-26,2022-07-24,Email
CAM000079,Weekend Sale 000079,2020-04-13,2020-05-06,Email
CAM000080,Back to School 000080,2025-06-07,2025-06-12,Social Media
CAM000081,Flash Sale 000081,2022-04-12,2022-04-30,Social Media
CAM000082,New Year Sale 000082,2024-11-05,2024-11-20,Social Media
CAM000083,Year End Sale 000083,2022-02-15,2022-02-18,SMS
CAM000084,Flash Sale 000084,2025-03-12,2025-04-09,SMS
CAM000085,Weekend Sale 000085,2022-05-16,2022-06-10,Display Ads
CAM000086,Lebaran Sale 000086,2024-01-11,2024-01-29,Social Media
CAM000087,New Year Sale 000087,2021-08-30,2021-09-08,Affiliate
CAM000088,New Year Sale 000088,2024-02-15,2024-03-06,Display Ads
CAM000089,New Year Sale 000089,2021-10-04,2021-10-08,Affiliate
CAM000090,Weekend Sale 000090,2022-09-03,2022-09-22,Social Media
CAM000091,Ramadan Sale 000091,2020-04-26,2020-05-15,Social Media
CAM000092,Ramadan Sale 000092,2020-05-20,2020-06-11,Display Ads
CAM000093,Year End Sale 000093,2024-10-31,2024-11-10,Email
CAM000094,Back to School 000094,2025-04-12,2025-05-03,Affiliate
CAM000095,Member Exclusive 000095,2023-05-02,2023-05-06,Email
CAM000096,Member Exclusive 000096,2022-05-08,2022-06-01,Affiliate
CAM000097,Independence Day 000097,2022-12-06,2022-12-19,Social Media
CAM000098,Black Friday 000098,2023-10-03,2023-10-28,Social Media
CAM000099,Lebaran Sale 000099,2021-06-27,2021-07-12,Display Ads
CAM000100,Flash Sale 000100,2023-08-14,2023-08-26,SMS
CAM000101,Ramadan Sale 000101,2025-03-17,2025-04-13,Email
CAM000102,Member Exclusive 000102,2022-07-27,2022-08-18,Email
CAM000103,Back to School 000103,2020-05-30,2020-06-19,Affiliate
CAM000104,Black Friday 000104,2021-06-27,2021-07-04,Email
CAM000105,Black Friday 000105,2024-12-05,2024-12-15,SMS
CAM000106,Weekend Sale 000106,2020-11-19,2020-12-06,Display Ads
CAM000107,Weekend Sale 000107,2021-09-11,2021-10-03,Email
CAM000108,Weekend Sale 000108,2023-09-29,2023-10-28,SMS
CAM000109,Ramadan Sale 000109,2025-03-23,2025-04-16,Social Media
CAM000110,Ramadan Sale 000110,2021-06-25,2021-07-01,Display Ads
CAM000111,Independence Day 000111,2023-02-07,2023-02-14,SMS
CAM000112,Black Friday 000112,2023-05-23,2023-06-01,Social Media
CAM000113,Independence Day 000113,2023-11-08,2023-12-01,Affiliate
CAM000114,New Year Sale 000114,2022-09-27,2022-10-08,Email
CAM000115,Independence Day 000115,2023-07-23,2023-08-08,Email
CAM000116,Lebaran Sale 000116,2020-01-08,2020-01-21,Display Ads
CAM000117,Flash Sale 000117,2021-06-20,2021-06-28,Affiliate
CAM000118,Weekend Sale 000118,2023-12-16,2024-01-01,Email
CAM000119,Lebaran Sale 000119,2020-08-17,2020-08-22,Affiliate
CAM000120,Black Friday 000120,2020-03-14,2020-04-12,Affiliate
CAM000121,Year End Sale 000121,2023-02-05,2023-02-12,Social Media
CAM000122,Black Friday 000122,2020-03-26,2020-04-07,Email
CAM000123,Back to School 000123,2025-01-14,2025-01-28,Display Ads
CAM000124,Ramadan Sale 000124,2021-05-26,2021-06-19,SMS
CAM000125,Year End Sale 000125,2024-05-16,2024-06-05,Affiliate
CAM000126,Back to School 000126,2024-03-14,2024-03-21,Social Media
CAM000127,Lebaran Sale 000127,2025-06-22,2025-07-20,Push Notification
CAM000128,Black Friday 000128,2020-02-20,2020-02-28,Push Notification
CAM000129,Back to School 000129,2024-06-30,2024-07-24,SMS
CAM000130,Ramadan Sale 000130,2020-11-22,2020-12-20,Push Notification
CAM000131,Flash Sale 000131,2024-11-21,2024-11-25,Social Media
CAM000132,Flash Sale 000132,2021-02-12,2021-03-13,SMS
CAM000133,Back to School 000133,2021-09-17,2021-10-16,Social Media
CAM000134,Back to School 000134,2020-02-18,2020-03-13,Push Notification
CAM000135,Ramadan Sale 000135,2021-11-03,2021-11-14,SMS
CAM000136,Weekend Sale 000136,2021-12-20,2022-01-12,Push Notification
CAM000137,Weekend Sale 000137,2023-10-23,2023-11-21,SMS
CAM000138,Ramadan Sale 000138,2025-04-07,2025-04-10,SMS
CAM000139,Independence Day 000139,2020-12-31,2021-01-21,Email
CAM000140,Year End Sale 000140,2020-08-10,2020-09-01,SMS
CAM000141,Black Friday 000141,2024-02-01,2024-02-29,Push Notification
CAM000142,Ramadan Sale 000142,2023-05-26,2023-06-14,Push Notification
CAM000143,Back to School 000143,2025-01-16,2025-02-06,SMS
CAM000144,Year End Sale 000144,2020-03-31,2020-04-25,Email
CAM000145,Weekend Sale 000145,2022-11-30,2022-12-28,Display Ads
CAM000146,Back to School 000146,2024-01-13,2024-02-08,SMS
CAM000147,Black Friday 000147,2022-06-02,2022-06-07,Affiliate
CAM000148,Ramadan Sale 000148,2021-10-04,2021-10-28,Display Ads
CAM000149,Weekend Sale 000149,2025-01-17,2025-01-29,SMS
CAM000150,Black Friday 000150,2023-09-27,2023-10-13,Push Notification
CAM000151,Weekend Sale 000151,2023-11-28,2023-12-10,Social Media
CAM000152,Year End Sale 000152,2021-01-27,2021-02-12,Display Ads
CAM000153,Member Exclusive 000153,2024-03-12,2024-03-20,Affiliate
CAM000154,Weekend Sale 000154,2021-09-08,2021-09-23,Email
CAM000155,Back to School 000155,2021-09-14,2021-09-26,Push Notification
CAM000156,Member Exclusive 000156,2024-05-28,2024-06-18,Display Ads
CAM000157,Flash Sale 000157,2021-10-21,2021-11-07,Push Notification
CAM000158,Weekend Sale 000158,2023-10-15,2023-10-24,Push Notification
CAM000159,Lebaran Sale 000159,2024-06-13,2024-07-11,Display Ads
CAM000160,Weekend Sale 000160,2020-06-22,2020-07-04,Display Ads
CAM000161,Black Friday 000161,2023-07-20,2023-08-11,Email
CAM000162,Back to School 000162,2024-08-03,2024-08-30,Display Ads
CAM000163,Back to School 000163,2021-09-27,2021-10-07,Social Media
CAM000164,Back to School 000164,2020-02-20,2020-02-24,Push Notification
CAM000165,Ramadan Sale 000165,2023-06-05,2023-07-05,Push Notification
CAM000166,Member Exclusive 000166,2022-04-28,2022-05-21,Social Media
CAM000167,Year End Sale 000167,2024-01-11,2024-02-05,Push Notification
CAM000168,Lebaran Sale 000168,2022-03-29,2022-04-08,Display Ads
CAM000169,Ramadan Sale 000169,2023-11-09,2023-11-12,Push Notification
CAM000170,Weekend Sale 000170,2021-03-24,2021-04-01,Push Notification
CAM000171,Back to School 000171,2020-04-12,2020-05-02,Email
CAM000172,Flash Sale 000172,2022-07-23,2022-07-30,Display Ads
CAM000173,Member Exclusive 000173,2022-12-23,2023-01-12,SMS
CAM000174,Flash Sale 000174,2025-04-29,2025-05-26,Affiliate
CAM000175,Weekend Sale 000175,2024-07-27,2024-08-22,Push Notification
CAM000176,Flash Sale 000176,2024-08-28,2024-09-17,Social Media
CAM000177,Flash Sale 000177,2024-03-03,2024-04-02,Push Notification
CAM000178,Back to School 000178,2021-06-14,2021-07-11,Display Ads
CAM000179,Weekend Sale 000179,2021-07-21,2021-08-17,Push Notification
CAM000180,Independence Day 000180,2023-07-07,2023-07-17,Push Notification
CAM000181,Independence Day 000181,2020-06-07,2020-07-02,Social Media
CAM000182,Black Friday 000182,2021-07-10,2021-07-23,Affiliate
CAM000183,Lebaran Sale 000183,2020-06-14,2020-06-21,Social Media
CAM000184,Lebaran Sale 000184,2022-02-23,2022-03-20,Display Ads
CAM000185,Year End Sale 000185,2021-03-14,2021-03-19,Push Notification
CAM000186,Flash Sale 000186,2021-11-08,2021-11-28,Push Notification
CAM000187,Year End Sale 000187,2020-05-07,2020-05-16,Push Notification
CAM000188,Member Exclusive 000188,2025-01-27,2025-02-23,Display Ads
CAM000189,Member Exclusive 000189,2020-02-10,2020-03-11,Push Notification
CAM000190,Black Friday 000190,2022-09-03,2022-09-06,SMS
CAM000191,Year End Sale 000191,2024-03-23,2024-04-07,Affiliate
CAM000192,Weekend Sale 000192,2024-03-10,2024-04-05,Affiliate
CAM000193,Flash Sale 000193,2025-01-12,2025-01-22,Social Media
CAM000194,Flash Sale 000194,2021-07-12,2021-07-28,Email
CAM000195,Year End Sale 000195,2022-03-07,2022-03-20,Display Ads
CAM000196,Flash Sale 000196,2020-12-04,2021-01-02,Social Media
CAM000197,New Year Sale 000197,2023-06-28,2023-07-18,Push Notification
CAM000198,New Year Sale 000198,2023-04-27,2023-05-18,Email
CAM000199,Lebaran Sale 000199,2023-08-09,2023-08-25,Push Notification
CAM000200,Independence Day 000200,2021-01-07,2021-01-11,Push Notification
CAM000201,Flash Sale 000201,2021-11-01,2021-11-10,SMS
CAM000202,Year End Sale 000202,2021-11-22,2021-12-19,SMS
CAM000203,Year End Sale 000203,2024-03-20,2024-04-18,SMS
CAM000204,Flash Sale 000204,2024-09-05,2024-09-10,Email
CAM000205,New Year Sale 000205,2024-03-14,2024-04-03,SMS
CAM000206,Ramadan Sale 000206,2021-04-04,2021-04-27,Display Ads
CAM000207,New Year Sale 000207,2020-03-23,2020-04-19,Social Media
CAM000208,New Year Sale 000208,2021-02-12,2021-03-13,Affiliate
CAM000209,Lebaran Sale 000209,2020-11-08,2020-11-18,Push Notification
CAM000210,Member Exclusive 000210,2023-10-03,2023-10-09,Social Media
CAM000211,Independence Day 000211,2022-08-10,2022-09-04,SMS
CAM000212,Member Exclusive 000212,2020-12-09,2020-12-31,Display Ads
CAM000213,Lebaran Sale 000213,2024-01-11,2024-01-17,SMS
CAM000214,New Year Sale 000214,2020-08-09,2020-08-30,SMS
CAM000215,Year End Sale 000215,2023-03-25,2023-04-18,Push Notification
CAM000216,Back to School 000216,2025-04-12,2025-05-07,Email
CAM000217,Back to School 000217,2023-04-27,2023-05-22,Email
CAM000218,Independence Day 000218,2023-11-28,2023-12-25,Display Ads
CAM000219,Ramadan Sale 000219,2023-05-14,2023-06-11,Affiliate
CAM000220,Black Friday 000220,2024-05-21,2024-05-25,Affiliate
CAM000221,Black Friday 000221,2022-05-27,2022-06-20,Email
CAM000222,Black Friday 000222,2022-11-02,2022-11-25,Email
CAM000223,Flash Sale 000223,2024-10-05,2024-10-21,Email
CAM000224,Flash Sale 000224,2022-06-06,2022-06-20,Display Ads
CAM000225,Lebaran Sale 000225,2020-11-09,2020-11-25,Display Ads
CAM000226,Independence Day 000226,2022-12-04,2022-12-27,Affiliate
CAM000227,Flash Sale 000227,2024-07-13,2024-08-02,Push Notification
CAM000228,Member Exclusive 000228,2022-06-11,2022-07-10,SMS
CAM000229,Back to School 000229,2021-10-22,2021-11-21,Email
CAM000230,Back to School 000230,2021-07-25,2021-08-11,Push Notification
CAM000231,Year End Sale 000231,2023-03-13,2023-04-04,SMS
CAM000232,Black Friday 000232,2020-02-28,2020-03-17,Social Media
CAM000233,Black Friday 000233,2022-09-25,2022-10-04,SMS
CAM000234,Member Exclusive 000234,2021-11-28,2021-12-09,Display Ads
CAM000235,Weekend Sale 000235,2024-12-07,2024-12-18,Email
CAM000236,Ramadan Sale 000236,2022-11-24,2022-12-03,Social Media
CAM000237,Flash Sale 000237,2024-01-14,2024-01-30,Affiliate
CAM000238,Flash Sale 000238,2024-04-01,2024-04-11,Display Ads
CAM000239,Flash Sale 000239,2023-12-28,2024-01-15,Email
CAM000240,Back to School 000240,2020-07-09,2020-07-21,Push Notification
CAM000241,Independence Day 000241,2023-11-17,2023-11-27,Display Ads
CAM000242,Flash Sale 000242,2023-04-06,2023-04-20,Affiliate
CAM000243,Year End Sale 000243,2022-12-23,2023-01-06,Display Ads
CAM000244,Black Friday 000244,2023-02-01,2023-02-14,Display Ads
CAM000245,Independence Day 000245,2022-07-18,2022-07-29,SMS
CAM000246,Back to School 000246,2021-04-17,2021-04-23,SMS
CAM000247,Weekend Sale 000247,2020-09-01,2020-09-27,Display Ads
CAM000248,Back to School 000248,2021-01-14,2021-01-23,Display Ads
CAM000249,Member Exclusive 000249,2022-09-18,2022-09-29,Affiliate
CAM000250,Ramadan Sale 000250,2023-05-07,2023-05-19,Social Media
CAM000251,Black Friday 000251,2021-08-29,2021-09-08,Social Media
CAM000252,Weekend Sale 000252,2021-09-11,2021-09-14,Social Media
CAM000253,New Year Sale 000253,2021-07-15,2021-07-19,Affiliate
CAM000254,Lebaran Sale 000254,2021-08-21,2021-09-15,Display Ads
CAM000255,Flash Sale 000255,2024-11-13,2024-12-10,Email
CAM000256,Member Exclusive 000256,2024-11-22,2024-11-25,SMS
CAM000257,Flash Sale 000257,2022-08-19,2022-09-06,SMS
CAM000258,Independence Day 000258,2021-01-12,2021-01-16,Push Notification
CAM000259,Ramadan Sale 000259,2020-08-21,2020-09-19,Push Notification
CAM000260,Member Exclusive 000260,2022-10-04,2022-10-09,Display Ads
CAM000261,Lebaran Sale 000261,2023-11-06,2023-11-10,Social Media
CAM000262,Independence Day 000262,2024-07-19,2024-08-09,Email
CAM000263,Weekend Sale 000263,2021-05-23,2021-05-29,Push Notification
CAM000264,Member Exclusive 000264,2023-05-26,2023-06-17,Social Media
CAM000265,Year End Sale 000265,2024-05-07,2024-05-26,Push Notification
CAM000266,Independence Day 000266,2025-02-03,2025-02-20,Affiliate
CAM000267,Member Exclusive 000267,2022-05-28,2022-06-09,Affiliate
CAM000268,Ramadan Sale 000268,2020-05-03,2020-05-25,Social Media
CAM000269,Independence Day 000269,2023-07-05,2023-07-14,Display Ads
CAM000270,Back to School 000270,2020-06-15,2020-06-23,Social Media
CAM000271,Lebaran Sale 000271,2023-02-04,2023-02-09,Email
CAM000272,Member Exclusive 000272,2022-04-16,2022-05-03,Push Notification
CAM000273,Back to School 000273,2021-08-19,2021-08-23,SMS
CAM000274,Flash Sale 000274,2023-12-18,2023-12-30,Email
CAM000275,Independence Day 000275,2023-11-08,2023-11-18,Display Ads
CAM000276,Back to School 000276,2023-04-22,2023-05-16,Push Notification
CAM000277,Back to School 000277,2020-08-23,2020-09-12,Display Ads
CAM000278,Lebaran Sale 000278,2020-11-01,2020-11-12,Email
CAM000279,Independence Day 000279,2020-05-02,2020-05-10,Affiliate
CAM000280,Member Exclusive 000280,2024-03-13,2024-04-11,SMS
CAM000281,Flash Sale 000281,2022-06-18,2022-06-24,Display Ads
CAM000282,Year End Sale 000282,2021-09-14,2021-10-09,SMS
CAM000283,Flash Sale 000283,2022-10-21,2022-11-10,Push Notification
CAM000284,New Year Sale 000284,2020-06-13,2020-07-05,Push Notification
CAM000285,Member Exclusive 000285,2024-02-13,2024-02-26,SMS
CAM000286,Back to School 000286,2020-02-22,2020-02-27,Display Ads
CAM000287,Member Exclusive 000287,2024-09-08,2024-10-08,Affiliate
CAM000288,Independence Day 000288,2025-05-01,2025-05-04,Affiliate
CAM000289,Lebaran Sale 000289,2020-03-23,2020-04-19,Push Notification
CAM000290,Flash Sale 000290,2022-11-28,2022-12-21,SMS
CAM000291,Year End Sale 000291,2021-01-06,2021-01-27,Display Ads
CAM000292,Ramadan Sale 000292,2024-07-25,2024-08-12,Push Notification
CAM000293,Black Friday 000293,2021-12-13,2021-12-29,SMS
CAM000294,Lebaran Sale 000294,2023-10-04,2023-10-10,SMS
CAM000295,Flash Sale 000295,2022-04-23,2022-05-18,SMS
CAM000296,Weekend Sale 000296,2023-09-18,2023-10-03,Email
CAM000297,Black Friday 000297,2022-07-20,2022-07-25,SMS
CAM000298,Year End Sale 000298,2021-10-24,2021-10-30,Affiliate
CAM000299,Weekend Sale 000299,2024-08-16,2024-08-19,Push Notification
CAM000300,Back to School 000300,2022-04-26,2022-04-30,Affiliate
CAM000301,Flash Sale 000301,2022-01-10,2022-02-01,Display Ads
CAM000302,New Year Sale 000302,2022-06-24,2022-07-21,Social Media
CAM000303,Lebaran Sale 000303,2021-06-30,2021-07-20,SMS
CAM000304,Flash Sale 000304,2022-06-16,2022-07-11,Email
CAM000305,Member Exclusive 000305,2020-02-29,2020-03-23,Social Media
CAM000306,Independence Day 000306,2023-12-24,2024-01-01,Affiliate
CAM000307,Year End Sale 000307,2020-01-29,2020-02-18,Email
CAM000308,Ramadan Sale 000308,2021-04-05,2021-05-04,Push Notification
CAM000309,Lebaran Sale 000309,2025-04-23,2025-04-29,Push Notification
CAM000310,Independence Day 000310,2025-03-25,2025-04-19,Affiliate
CAM000311,Year End Sale 000311,2023-12-15,2023-12-26,Push Notification
CAM000312,Flash Sale 000312,2022-08-25,2022-09-04,Affiliate
CAM000313,Back to School 000313,2020-10-23,2020-11-07,Affiliate
CAM000314,Lebaran Sale 000314,2022-11-06,2022-12-02,Email
CAM000315,Year End Sale 000315,2021-07-19,2021-08-15,SMS
CAM000316,Weekend Sale 000316,2025-03-28,2025-04-25,SMS
CAM000317,Independence Day 000317,2024-08-07,2024-08-10,Display Ads
CAM000318,Member Exclusive 000318,2021-09-03,2021-10-02,Affiliate
CAM000319,Lebaran Sale 000319,2023-09-13,2023-10-01,Push Notification
CAM000320,Black Friday 000320,2023-01-08,2023-01-26,SMS
CAM000321,Weekend Sale 000321,2023-02-04,2023-03-03,Push Notification
CAM000322,Back to School 000322,2022-07-21,2022-08-03,Display Ads
CAM000323,Year End Sale 000323,2021-05-04,2021-05-25,Social Media
CAM000324,Year End Sale 000324,2024-10-19,2024-11-15,Email
CAM000325,Flash Sale 000325,2021-10-13,2021-11-08,Display Ads
CAM000326,Year End Sale 000326,2025-02-13,2025-03-13,Push Notification
CAM000327,Lebaran Sale 000327,2023-09-21,2023-10-19,Push Notification
CAM000328,Lebaran Sale 000328,2025-05-29,2025-06-02,Affiliate
CAM000329,Black Friday 000329,2025-05-31,2025-06-21,Email
CAM000330,Flash Sale 000330,2024-11-25,2024-12-25,Email
CAM000331,New Year Sale 000331,2022-12-13,2022-12-30,Display Ads
CAM000332,Lebaran Sale 000332,2020-10-22,2020-11-07,Email
CAM000333,Independence Day 000333,2022-08-19,2022-09-16,SMS
CAM000334,Year End Sale 000334,2023-06-30,2023-07-25,Display Ads
CAM000335,Black Friday 000335,2020-06-13,2020-07-13,Display Ads
CAM000336,Year End Sale 000336,2024-10-25,2024-11-14,SMS
CAM000337,Flash Sale 000337,2023-07-07,2023-08-01,Affiliate
CAM000338,Ramadan Sale 000338,2020-03-14,2020-04-05,Social Media
CAM000339,Independence Day 000339,2023-07-16,2023-08-09,Social Media
CAM000340,Year End Sale 000340,2024-03-09,2024-03-14,Email
CAM000341,Ramadan Sale 000341,2024-04-06,2024-04-29,Push Notification
CAM000342,Independence Day 000342,2020-12-06,2020-12-31,Email
CAM000343,New Year Sale 000343,2020-04-04,2020-04-17,SMS
CAM000344,Year End Sale 000344,2022-01-04,2022-01-18,Social Media
CAM000345,Year End Sale 000345,2021-05-15,2021-06-03,Affiliate
CAM000346,Lebaran Sale 000346,2023-10-28,2023-11-25,Social Media
CAM000347,Member Exclusive 000347,2020-12-24,2020-12-29,Push Notification
CAM000348,Back to School 000348,2023-06-23,2023-07-17,Push Notification
CAM000349,Lebaran Sale 000349,2025-02-12,2025-03-05,Social Media
CAM000350,Independence Day 000350,2022-08-02,2022-08-25,Push Notification
CAM000351,New Year Sale 000351,2021-06-06,2021-06-30,Push Notification
CAM000352,Weekend Sale 000352,2025-01-19,2025-01-31,Social Media
CAM000353,Black Friday 000353,2020-05-31,2020-06-17,Affiliate
CAM000354,Year End Sale 000354,2021-09-04,2021-09-27,Display Ads
CAM000355,Independence Day 000355,2021-05-27,2021-06-13,Social Media
CAM000356,Flash Sale 000356,2022-02-26,2022-03-28,Email
CAM000357,Member Exclusive 000357,2021-04-30,2021-05-15,SMS
CAM000358,Independence Day 000358,2023-03-23,2023-04-04,Email
CAM000359,Year End Sale 000359,2024-08-26,2024-09-19,SMS
CAM000360,New Year Sale 000360,2020-01-17,2020-02-07,Affiliate
CAM000361,Independence Day 000361,2024-03-06,2024-03-24,Social Media
CAM000362,Black Friday 000362,2023-05-28,2023-06-25,Social Media
CAM000363,Member Exclusive 000363,2023-07-27,2023-08-05,SMS
CAM000364,Lebaran Sale 000364,2023-10-20,2023-11-16,Display Ads
CAM000365,New Year Sale 000365,2020-07-17,2020-08-09,SMS
CAM000366,New Year Sale 000366,2024-06-03,2024-06-20,Affiliate
CAM000367,Lebaran Sale 000367,2022-01-17,2022-02-12,Email
CAM000368,Black Friday 000368,2025-02-05,2025-02-17,Display Ads
CAM000369,Back to School 000369,2022-04-30,2022-05-08,Social Media
CAM000370,Black Friday 000370,2024-05-29,2024-06-18,Affiliate
CAM000371,Lebaran Sale 000371,2022-10-24,2022-11-04,SMS
CAM000372,Flash Sale 000372,2025-02-14,2025-03-15,SMS
CAM000373,Black Friday 000373,2024-03-08,2024-04-07,Email
CAM000374,Lebaran Sale 000374,2022-08-17,2022-08-22,Social Media
CAM000375,Year End Sale 000375,2024-10-27,2024-11-20,Affiliate
CAM000376,Year End Sale 000376,2022-01-19,2022-01-24,Email
CAM000377,Ramadan Sale 000377,2021-06-25,2021-07-15,Push Notification
CAM000378,Independence Day 000378,2022-01-24,2022-02-17,Affiliate
CAM000379,Black Friday 000379,2022-02-19,2022-03-20,Email
CAM000380,Flash Sale 000380,2023-10-14,2023-10-24,Email
CAM000381,Black Friday 000381,2023-06-22,2023-07-12,Affiliate
CAM000382,Ramadan Sale 000382,2021-03-29,2021-04-21,Display Ads
CAM000383,Independence Day 000383,2024-08-14,2024-08-31,Display Ads
CAM000384,Lebaran Sale 000384,2022-04-16,2022-04-22,Email
CAM000385,Independence Day 000385,2025-04-21,2025-04-25,Push Notification
CAM000386,Back to School 000386,2020-08-25,2020-08-31,Affiliate
CAM000387,Flash Sale 000387,2020-10-04,2020-10-19,SMS
CAM000388,Weekend Sale 000388,2023-10-05,2023-10-31,Push Notification
CAM000389,Lebaran Sale 000389,2023-04-17,2023-05-13,Push Notification
CAM000390,Flash Sale 000390,2023-09-03,2023-09-09,Affiliate
CAM000391,New Year Sale 000391,2022-04-15,2022-04-26,Display Ads
CAM000392,Flash Sale 000392,2022-01-28,2022-02-06,Push Notification
CAM000393,Black Friday 000393,2025-04-30,2025-05-10,Email
CAM000394,Weekend Sale 000394,2023-11-05,2023-11-19,Display Ads
CAM000395,Year End Sale 000395,2022-01-04,2022-01-08,SMS
CAM000396,Flash Sale 000396,2021-01-23,2021-01-29,Email
CAM000397,Member Exclusive 000397,2023-09-19,2023-09-28,Email
CAM000398,Black Friday 000398,2020-04-13,2020-05-11,Social Media
CAM000399,Member Exclusive 000399,2020-09-14,2020-10-12,Social Media
CAM000400,Weekend Sale 000400,2020-05-20,2020-06-18,Social Media
CAM000401,Back to School 000401,2023-04-15,2023-04-24,SMS
CAM000402,Member Exclusive 000402,2024-05-04,2024-05-11,Email
CAM000403,Lebaran Sale 000403,2021-07-21,2021-08-20,Social Media
CAM000404,Lebaran Sale 000404,2023-01-11,2023-01-22,Email
CAM000405,New Year Sale 000405,2023-09-15,2023-10-15,Social Media
CAM000406,Back to School 000406,2020-01-31,2020-02-14,Affiliate
CAM000407,Lebaran Sale 000407,2021-10-25,2021-10-28,SMS
CAM000408,Year End Sale 000408,2020-04-17,2020-04-24,Affiliate
CAM000409,Ramadan Sale 000409,2020-08-20,2020-09-15,Push Notification
CAM000410,Black Friday 000410,2022-07-07,2022-08-03,Affiliate
CAM000411,Flash Sale 000411,2023-04-30,2023-05-06,Affiliate
CAM000412,New Year Sale 000412,2021-03-29,2021-04-20,Display Ads
CAM000413,Weekend Sale 000413,2024-05-23,2024-06-22,SMS
CAM000414,New Year Sale 000414,2022-07-27,2022-08-19,Email
CAM000415,Year End Sale 000415,2022-09-07,2022-10-07,Push Notification
CAM000416,Flash Sale 000416,2023-11-06,2023-11-12,Display Ads
CAM000417,Ramadan Sale 000417,2025-02-06,2025-02-23,Email
CAM000418,Lebaran Sale 000418,2021-10-21,2021-11-12,Email
CAM000419,Member Exclusive 000419,2020-09-15,2020-09-26,Display Ads
CAM000420,Black Friday 000420,2023-04-13,2023-05-03,Push Notification
CAM000421,Independence Day 000421,2023-05-08,2023-05-27,Push Notification
CAM000422,Year End Sale 000422,2022-11-01,2022-11-23,Email
CAM000423,Ramadan Sale 000423,2024-06-12,2024-07-07,Display Ads
CAM000424,Weekend Sale 000424,2023-08-26,2023-09-22,Display Ads
CAM000425,Year End Sale 000425,2024-11-07,2024-11-16,Push Notification
CAM000426,Year End Sale 000426,2024-12-23,2025-01-02,SMS
CAM000427,Year End Sale 000427,2024-08-21,2024-09-07,Push Notification
CAM000428,Black Friday 000428,2024-02-03,2024-02-09,Push Notification
CAM000429,Independence Day 000429,2021-10-02,2021-10-26,SMS
CAM000430,Flash Sale 000430,2025-05-06,2025-05-13,Email
CAM000431,Ramadan Sale 000431,2020-07-05,2020-08-03,Email
CAM000432,Black Friday 000432,2022-06-03,2022-06-09,Social Media
CAM000433,Member Exclusive 000433,2023-02-13,2023-02-17,Affiliate
CAM000434,Ramadan Sale 000434,2023-02-24,2023-03-09,Push Notification
CAM000435,Year End Sale 000435,2021-12-25,2022-01-24,Display Ads
CAM000436,Member Exclusive 000436,2020-04-15,2020-04-27,SMS
CAM000437,Member Exclusive 000437,2021-12-21,2021-12-27,Affiliate
CAM000438,Flash Sale 000438,2021-03-11,2021-03-18,Social Media
CAM000439,Black Friday 000439,2024-10-01,2024-10-07,Affiliate
CAM000440,Independence Day 000440,2022-01-22,2022-01-28,Affiliate
CAM000441,Year End Sale 000441,2021-04-08,2021-05-06,Affiliate
CAM000442,Member Exclusive 000442,2025-06-18,2025-07-15,Affiliate
CAM000443,Weekend Sale 000443,2023-10-14,2023-11-06,Email
CAM000444,Independence Day 000444,2023-06-01,2023-06-25,Email
CAM000445,Independence Day 000445,2021-01-04,2021-01-15,SMS
CAM000446,Lebaran Sale 000446,2021-12-19,2021-12-22,Social Media
CAM000447,Year End Sale 000447,2023-03-05,2023-03-29,Email
CAM000448,New Year Sale 000448,2020-10-17,2020-11-12,Email
CAM000449,Back to School 000449,2024-03-08,2024-03-27,Push Notification
CAM000450,Black Friday 000450,2022-05-09,2022-05-26,Social Media
CAM000451,Black Friday 000451,2022-01-27,2022-02-08,Affiliate
CAM000452,New Year Sale 000452,2023-05-06,2023-05-11,Social Media
CAM000453,Member Exclusive 000453,2020-11-18,2020-12-15,Email
CAM000454,Independence Day 000454,2023-10-12,2023-10-17,Push Notification
CAM000455,Flash Sale 000455,2023-09-17,2023-10-03,Affiliate
CAM000456,Independence Day 000456,2022-06-24,2022-07-10,Social Media
CAM000457,Ramadan Sale 000457,2024-03-26,2024-04-14,SMS
CAM000458,Independence Day 000458,2022-05-30,2022-06-05,Display Ads
CAM000459,Flash Sale 000459,2023-10-21,2023-11-11,Affiliate
CAM000460,New Year Sale 000460,2023-09-28,2023-10-10,Social Media
CAM000461,New Year Sale 000461,2022-03-20,2022-04-11,Email
CAM000462,Back to School 000462,2021-02-22,2021-03-06,Social Media
CAM000463,Independence Day 000463,2024-04-14,2024-04-25,SMS
CAM000464,Flash Sale 000464,2020-09-02,2020-09-05,Display Ads
CAM000465,Lebaran Sale 000465,2022-05-31,2022-06-08,Push Notification
CAM000466,Back to School 000466,2022-12-26,2023-01-20,Affiliate
CAM000467,Black Friday 000467,2023-02-18,2023-03-19,Email
CAM000468,New Year Sale 000468,2022-03-24,2022-04-23,Push Notification
CAM000469,Ramadan Sale 000469,2020-02-08,2020-02-25,SMS
CAM000470,Member Exclusive 000470,2023-03-25,2023-04-10,Push Notification
CAM000471,Year End Sale 000471,2023-12-24,2024-01-16,SMS
CAM000472,New Year Sale 000472,2020-08-23,2020-09-07,SMS
CAM000473,Member Exclusive 000473,2020-12-17,2021-01-14,Push Notification
CAM000474,Black Friday 000474,2024-08-30,2024-09-24,Email
CAM000475,Ramadan Sale 000475,2022-06-13,2022-07-13,Social Media
CAM000476,Year End Sale 000476,2022-06-11,2022-07-02,Affiliate
CAM000477,Independence Day 000477,2020-06-10,2020-06-25,Display Ads
CAM000478,Black Friday 000478,2021-11-26,2021-12-06,Social Media
CAM000479,Ramadan Sale 000479,2020-06-05,2020-06-24,Affiliate
CAM000480,Black Friday 000480,2022-11-10,2022-11-19,SMS
CAM000481,Lebaran Sale 000481,2024-01-29,2024-02-27,Social Media
CAM000482,Independence Day 000482,2020-07-29,2020-08-05,Social Media
CAM000483,Lebaran Sale 000483,2020-12-21,2021-01-12,Display Ads
CAM000484,Flash Sale 000484,2020-06-03,2020-06-11,Push Notification
CAM000485,Member Exclusive 000485,2024-03-25,2024-04-15,Push Notification
CAM000486,Member Exclusive 000486,2023-10-26,2023-11-16,SMS
CAM000487,Black Friday 000487,2024-11-04,2024-11-27,Social Media
CAM000488,Flash Sale 000488,2022-06-19,2022-06-24,Push Notification
CAM000489,Independence Day 000489,2023-07-17,2023-07-29,Affiliate
CAM000490,Weekend Sale 000490,2020-04-25,2020-05-09,Email
CAM000491,Flash Sale 000491,2021-09-27,2021-10-14,Email
CAM000492,Independence Day 000492,2020-04-26,2020-05-10,Email
CAM000493,Ramadan Sale 000493,2023-08-13,2023-09-12,Affiliate
CAM000494,Year End Sale 000494,2023-05-01,2023-05-20,Push Notification
CAM000495,New Year Sale 000495,2023-04-03,2023-04-23,Push Notification
CAM000496,Member Exclusive 000496,2025-02-04,2025-03-04,Display Ads
CAM000497,Member Exclusive 000497,2021-01-20,2021-02-02,Push Notification
CAM000498,New Year Sale 000498,2022-10-23,2022-10-30,Push Notification
CAM000499,Black Friday 000499,2020-07-30,2020-08-27,Display Ads
CAM000500,Lebaran Sale 000500,2020-06-21,2020-07-10,Email
CAM000501,Flash Sale 000501,2021-05-22,2021-06-16,Push Notification
CAM000502,Member Exclusive 000502,2022-12-09,2022-12-28,Social Media
CAM000503,Independence Day 000503,2022-01-15,2022-01-29,Push Notification
CAM000504,Black Friday 000504,2022-04-17,2022-05-14,Display Ads
CAM000505,Black Friday 000505,2023-05-09,2023-05-13,Email
CAM000506,Weekend Sale 000506,2021-11-06,2021-11-12,Display Ads
CAM000507,Independence Day 000507,2022-03-02,2022-03-14,Display Ads
CAM000508,Member Exclusive 000508,2024-10-10,2024-11-03,Social Media
CAM000509,Member Exclusive 000509,2021-11-13,2021-11-18,Display Ads
CAM000510,Independence Day 000510,2020-10-16,2020-10-30,Display Ads
CAM000511,Year End Sale 000511,2023-12-01,2023-12-25,Social Media
CAM000512,Ramadan Sale 000512,2023-05-03,2023-05-28,SMS
CAM000513,Black Friday 000513,2023-02-18,2023-03-05,Social Media
CAM000514,Weekend Sale 000514,2023-10-04,2023-10-29,Email
CAM000515,Year End Sale 000515,2023-08-16,2023-09-09,Affiliate
CAM000516,Black Friday 000516,2022-01-11,2022-01-14,SMS
CAM000517,Black Friday 000517,2021-01-04,2021-01-13,Push Notification
CAM000518,Lebaran Sale 000518,2021-01-28,2021-02-07,Social Media
CAM000519,Ramadan Sale 000519,2020-06-07,2020-06-19,Affiliate
CAM000520,Weekend Sale 000520,2024-04-27,2024-05-17,Email
CAM000521,Member Exclusive 000521,2023-09-17,2023-09-30,Social Media
CAM000522,Lebaran Sale 000522,2023-05-08,2023-05-23,Social Media
CAM000523,Member Exclusive 000523,2021-01-05,2021-02-03,Social Media
CAM000524,New Year Sale 000524,2024-01-16,2024-02-02,Push Notification
CAM000525,Back to School 000525,2022-01-16,2022-02-09,Push Notification
CAM000526,Flash Sale 000526,2023-06-04,2023-06-16,Social Media
CAM000527,Independence Day 000527,2022-12-29,2023-01-08,Push Notification
CAM000528,Back to School 000528,2025-01-25,2025-02-23,SMS
CAM000529,Flash Sale 000529,2023-10-21,2023-11-11,Push Notification
CAM000530,Year End Sale 000530,2024-04-24,2024-05-06,Affiliate
CAM000531,Lebaran Sale 000531,2022-12-16,2023-01-01,Social Media
CAM000532,Lebaran Sale 000532,2024-06-28,2024-07-20,SMS
CAM000533,Flash Sale 000533,2020-04-16,2020-05-09,SMS
CAM000534,Weekend Sale 000534,2023-02-09,2023-02-15,Email
CAM000535,Lebaran Sale 000535,2021-08-06,2021-08-11,SMS
CAM000536,Lebaran Sale 000536,2022-07-09,2022-07-28,Push Notification
CAM000537,Flash Sale 000537,2020-07-06,2020-07-16,SMS
CAM000538,Year End Sale 000538,2025-03-20,2025-03-23,Email
CAM000539,Black Friday 000539,2022-03-22,2022-04-10,Social Media
CAM000540,Black Friday 000540,2022-03-01,2022-03-06,Social Media
CAM000541,Ramadan Sale 000541,2020-02-27,2020-03-11,Display Ads
CAM000542,Lebaran Sale 000542,2023-08-24,2023-09-06,Social Media
CAM000543,Flash Sale 000543,2020-03-19,2020-03-31,Display Ads
CAM000544,Flash Sale 000544,2024-08-29,2024-09-05,Push Notification
CAM000545,Ramadan Sale 000545,2023-06-14,2023-06-17,Email
CAM000546,Lebaran Sale 000546,2021-06-08,2021-06-17,Affiliate
CAM000547,Member Exclusive 000547,2025-04-09,2025-05-05,Affiliate
CAM000548,Independence Day 000548,2022-05-16,2022-05-22,Social Media
CAM000549,New Year Sale 000549,2021-09-08,2021-09-14,Social Media
CAM000550,Member Exclusive 000550,2022-05-09,2022-06-01,Push Notification
CAM000551,Flash Sale 000551,2020-05-08,2020-05-14,Affiliate
CAM000552,Weekend Sale 000552,2023-01-02,2023-01-05,Affiliate
CAM000553,Lebaran Sale 000553,2021-05-10,2021-06-04,SMS
CAM000554,Member Exclusive 000554,2022-05-29,2022-06-01,SMS
CAM000555,Year End Sale 000555,2021-05-07,2021-05-28,Social Media
CAM000556,Ramadan Sale 000556,2023-09-22,2023-10-16,Affiliate
CAM000557,Ramadan Sale 000557,2025-06-19,2025-07-03,Affiliate
CAM000558,Weekend Sale 000558,2023-01-19,2023-02-07,Affiliate
CAM000559,Flash Sale 000559,2020-02-11,2020-02-26,Email
CAM000560,Black Friday 000560,2023-07-25,2023-08-09,SMS
CAM000561,Black Friday 000561,2024-03-10,2024-03-13,Email
CAM000562,Ramadan Sale 000562,2021-12-07,2021-12-17,Affiliate
CAM000563,Black Friday 000563,2024-02-14,2024-03-12,Social Media
CAM000564,Weekend Sale 000564,2020-03-31,2020-04-14,SMS
CAM000565,Lebaran Sale 000565,2024-07-24,2024-08-16,Display Ads
CAM000566,Flash Sale 000566,2022-08-09,2022-09-03,Display Ads
CAM000567,Lebaran Sale 000567,2021-01-08,2021-02-05,Email
CAM000568,Flash Sale 000568,2024-01-06,2024-02-02,Email
CAM000569,New Year Sale 000569,2021-08-23,2021-09-01,Social Media
CAM000570,Black Friday 000570,2024-12-19,2024-12-23,SMS
CAM000571,Weekend Sale 000571,2022-11-21,2022-12-06,Push Notification
CAM000572,Back to School 000572,2021-06-02,2021-06-06,SMS
CAM000573,New Year Sale 000573,2022-01-01,2022-01-31,Display Ads
CAM000574,Ramadan Sale 000574,2021-11-10,2021-11-21,SMS
CAM000575,Flash Sale 000575,2022-06-13,2022-06-28,Push Notification
CAM000576,Flash Sale 000576,2021-11-25,2021-12-03,Display Ads
CAM000577,Weekend Sale 000577,2022-10-15,2022-10-29,SMS
CAM000578,Year End Sale 000578,2024-06-28,2024-07-03,Email
CAM000579,Lebaran Sale 000579,2022-05-31,2022-06-22,Affiliate
CAM000580,Ramadan Sale 000580,2021-08-24,2021-09-06,Email
CAM000581,Independence Day 000581,2021-11-02,2021-11-26,SMS
CAM000582,Year End Sale 000582,2022-07-02,2022-07-24,Social Media
CAM000583,Black Friday 000583,2023-11-13,2023-11-30,Push Notification
CAM000584,Black Friday 000584,2020-03-27,2020-04-22,Affiliate
CAM000585,New Year Sale 000585,2022-06-09,2022-06-20,Email
CAM000586,Year End Sale 000586,2023-10-06,2023-10-29,SMS
CAM000587,Lebaran Sale 000587,2022-11-16,2022-12-14,Email
CAM000588,Member Exclusive 000588,2020-10-19,2020-11-18,Display Ads
CAM000589,New Year Sale 000589,2024-05-19,2024-06-05,Social Media
CAM000590,Black Friday 000590,2020-05-17,2020-05-27,SMS
CAM000591,New Year Sale 000591,2022-02-23,2022-03-16,Affiliate
CAM000592,Flash Sale 000592,2020-11-10,2020-12-04,SMS
CAM000593,Ramadan Sale 000593,2022-01-31,2022-02-17,Affiliate
CAM000594,Black Friday 000594,2020-10-08,2020-10-27,Push Notification
CAM000595,Independence Day 000595,2021-10-05,2021-10-28,Social Media
CAM000596,New Year Sale 000596,2025-05-21,2025-05-27,Display Ads
CAM000597,Weekend Sale 000597,2021-01-16,2021-02-03,Push Notification
CAM000598,Ramadan Sale 000598,2025-02-13,2025-03-05,SMS
CAM000599,Flash Sale 000599,2024-05-06,2024-05-17,Social Media
CAM000600,Flash Sale 000600,2023-06-07,2023-06-19,Social Media
CAM000601,Ramadan Sale 000601,2020-09-08,2020-09-15,Push Notification
CAM000602,Flash Sale 000602,2020-12-19,2021-01-13,Email
CAM000603,Black Friday 000603,2024-07-17,2024-08-10,Display Ads
CAM000604,Ramadan Sale 000604,2021-12-12,2022-01-06,Affiliate
CAM000605,Independence Day 000605,2023-01-15,2023-01-27,Social Media
CAM000606,Lebaran Sale 000606,2023-12-28,2024-01-22,SMS
CAM000607,Ramadan Sale 000607,2022-11-07,2022-11-17,Social Media
CAM000608,Back to School 000608,2024-06-10,2024-06-17,Push Notification
CAM000609,Weekend Sale 000609,2020-02-23,2020-03-08,Affiliate
CAM000610,Weekend Sale 000610,2022-01-25,2022-02-11,Social Media
CAM000611,Ramadan Sale 000611,2023-06-07,2023-06-12,SMS
CAM000612,Flash Sale 000612,2022-03-26,2022-04-20,Affiliate
CAM000613,Year End Sale 000613,2022-04-21,2022-05-18,Affiliate
CAM000614,Black Friday 000614,2020-05-31,2020-06-07,Display Ads
CAM000615,Flash Sale 000615,2020-05-31,2020-06-17,Display Ads
CAM000616,Lebaran Sale 000616,2022-11-25,2022-12-09,Affiliate
CAM000617,Lebaran Sale 000617,2023-08-03,2023-08-24,Social Media
CAM000618,New Year Sale 000618,2022-06-05,2022-06-24,Email
CAM000619,Independence Day 000619,2022-11-27,2022-12-04,Social Media
CAM000620,Back to School 000620,2020-11-27,2020-12-10,SMS
CAM000621,Independence Day 000621,2025-04-24,2025-05-13,Email
CAM000622,Weekend Sale 000622,2021-05-28,2021-06-06,SMS
CAM000623,Independence Day 000623,2020-09-13,2020-10-06,Affiliate
CAM000624,Weekend Sale 000624,2022-12-28,2023-01-02,Display Ads
CAM000625,Member Exclusive 000625,2020-12-11,2021-01-01,Social Media
CAM000626,Member Exclusive 000626,2020-12-16,2021-01-09,Display Ads
CAM000627,Black Friday 000627,2025-01-21,2025-02-12,Affiliate
CAM000628,New Year Sale 000628,2020-03-25,2020-04-23,Email
CAM000629,Member Exclusive 000629,2020-04-03,2020-04-26,SMS
CAM000630,Member Exclusive 000630,2023-08-26,2023-09-04,Push Notification
CAM000631,New Year Sale 000631,2023-06-19,2023-07-12,Push Notification
CAM000632,Weekend Sale 000632,2024-12-25,2025-01-17,SMS
CAM000633,Flash Sale 000633,2023-08-07,2023-08-19,Social Media
CAM000634,Year End Sale 000634,2024-07-06,2024-08-03,SMS
CAM000635,New Year Sale 000635,2022-07-17,2022-07-22,Social Media
CAM000636,Flash Sale 000636,2022-06-19,2022-07-05,Push Notification
CAM000637,Member Exclusive 000637,2021-02-21,2021-03-06,Social Media
CAM000638,Black Friday 000638,2021-10-02,2021-11-01,Display Ads
CAM000639,Year End Sale 000639,2024-10-28,2024-11-11,Social Media
CAM000640,Weekend Sale 000640,2024-04-06,2024-04-20,Affiliate
CAM000641,Back to School 000641,2020-08-05,2020-08-18,Push Notification
CAM000642,Flash Sale 000642,2020-09-07,2020-09-18,Social Media
CAM000643,New Year Sale 000643,2020-10-15,2020-10-21,SMS
CAM000644,Member Exclusive 000644,2025-04-20,2025-05-05,Push Notification
CAM000645,Lebaran Sale 000645,2021-05-23,2021-06-22,SMS
CAM000646,Black Friday 000646,2025-03-27,2025-04-17,Social Media
CAM000647,Flash Sale 000647,2024-04-11,2024-04-19,Affiliate
CAM000648,Independence Day 000648,2022-08-14,2022-09-01,Push Notification
CAM000649,Year End Sale 000649,2020-02-17,2020-02-22,Affiliate
CAM000650,Back to School 000650,2022-07-25,2022-08-04,Affiliate
CAM000651,New Year Sale 000651,2021-12-23,2021-12-27,SMS
CAM000652,Flash Sale 000652,2022-10-10,2022-11-01,SMS
CAM000653,Ramadan Sale 000653,2023-01-04,2023-01-07,Push Notification
CAM000654,Black Friday 000654,2020-10-01,2020-10-12,Push Notification
CAM000655,Year End Sale 000655,2022-01-19,2022-01-23,Email
CAM000656,Back to School 000656,2023-03-13,2023-04-02,SMS
CAM000657,Ramadan Sale 000657,2023-02-07,2023-02-19,Push Notification
CAM000658,Weekend Sale 000658,2022-10-29,2022-11-15,SMS
CAM000659,Member Exclusive 000659,2024-08-17,2024-09-08,Email
CAM000660,Year End Sale 000660,2020-09-20,2020-09-26,SMS
CAM000661,Weekend Sale 000661,2024-06-15,2024-06-28,SMS
CAM000662,Back to School 000662,2024-03-26,2024-04-02,Affiliate
CAM000663,Weekend Sale 000663,2022-11-08,2022-11-23,Email
CAM000664,Lebaran Sale 000664,2020-04-02,2020-04-06,Display Ads
CAM000665,Flash Sale 000665,2021-11-13,2021-12-11,Affiliate
CAM000666,Member Exclusive 000666,2022-07-24,2022-07-31,Affiliate
CAM000667,Member Exclusive 000667,2020-10-13,2020-10-26,SMS
CAM000668,Member Exclusive 000668,2020-11-28,2020-12-13,Display Ads
CAM000669,Member Exclusive 000669,2024-09-21,2024-10-03,SMS
CAM000670,Weekend Sale 000670,2022-11-04,2022-12-03,Affiliate
CAM000671,Member Exclusive 000671,2022-09-30,2022-10-25,SMS
CAM000672,New Year Sale 000672,2022-08-30,2022-09-28,SMS
CAM000673,Ramadan Sale 000673,2021-11-09,2021-12-03,Push Notification
CAM000674,New Year Sale 000674,2023-04-10,2023-04-22,Affiliate
CAM000675,Member Exclusive 000675,2022-08-29,2022-09-09,Affiliate
CAM000676,New Year Sale 000676,2021-04-11,2021-05-07,Affiliate
CAM000677,Weekend Sale 000677,2022-09-10,2022-09-18,Display Ads
CAM000678,Year End Sale 000678,2024-01-16,2024-02-07,Social Media
CAM000679,Back to School 000679,2024-08-09,2024-09-02,Email
CAM000680,Ramadan Sale 000680,2023-03-18,2023-04-12,Social Media
CAM000681,Black Friday 000681,2020-02-08,2020-02-25,Push Notification
CAM000682,Back to School 000682,2020-11-06,2020-11-22,Push Notification
CAM000683,Member Exclusive 000683,2022-10-24,2022-11-20,Push Notification
CAM000684,New Year Sale 000684,2024-11-22,2024-12-22,Display Ads
CAM000685,Back to School 000685,2020-10-09,2020-10-28,Affiliate
CAM000686,Flash Sale 000686,2021-10-27,2021-11-20,Affiliate
CAM000687,Lebaran Sale 000687,2022-02-10,2022-02-23,Push Notification
CAM000688,Black Friday 000688,2025-02-11,2025-03-03,Affiliate
CAM000689,Independence Day 000689,2021-12-26,2022-01-19,Affiliate
CAM000690,Back to School 000690,2022-09-18,2022-09-27,SMS
CAM000691,Back to School 000691,2023-02-16,2023-02-28,SMS
CAM000692,Back to School 000692,2024-04-28,2024-05-10,Display Ads
CAM000693,Black Friday 000693,2023-12-14,2024-01-01,Push Notification
CAM000694,Independence Day 000694,2021-12-15,2022-01-04,SMS
CAM000695,Weekend Sale 000695,2020-09-06,2020-09-27,Push Notification
CAM000696,Black Friday 000696,2025-01-08,2025-01-23,Social Media
CAM000697,Independence Day 000697,2021-08-17,2021-08-21,Display Ads
CAM000698,Flash Sale 000698,2020-06-10,2020-06-24,Display Ads
CAM000699,Flash Sale 000699,2021-06-09,2021-07-05,Social Media
CAM000700,Weekend Sale 000700,2021-02-17,2021-03-18,SMS
CAM000701,Independence Day 000701,2025-03-25,2025-04-14,Social Media
CAM000702,Member Exclusive 000702,2020-08-11,2020-09-02,Social Media
CAM000703,Weekend Sale 000703,2021-05-11,2021-05-15,Social Media
CAM000704,New Year Sale 000704,2023-07-30,2023-08-09,Email
CAM000705,Flash Sale 000705,2022-04-26,2022-05-09,Email
CAM000706,Lebaran Sale 000706,2023-10-27,2023-11-23,Email
CAM000707,Lebaran Sale 000707,2025-05-29,2025-06-18,Push Notification
CAM000708,Flash Sale 000708,2023-08-30,2023-09-17,Display Ads
CAM000709,Independence Day 000709,2021-02-12,2021-03-11,SMS
CAM000710,New Year Sale 000710,2021-08-07,2021-08-30,Email
CAM000711,Back to School 000711,2023-08-28,2023-09-18,Affiliate
CAM000712,New Year Sale 000712,2024-02-21,2024-03-18,Social Media
CAM000713,Lebaran Sale 000713,2022-05-05,2022-06-03,Email
CAM000714,Flash Sale 000714,2024-09-08,2024-09-23,Social Media
CAM000715,Independence Day 000715,2025-04-02,2025-04-28,Email
CAM000716,Member Exclusive 000716,2020-01-19,2020-01-31,Affiliate
CAM000717,Independence Day 000717,2020-08-07,2020-08-20,Push Notification
CAM000718,Weekend Sale 000718,2023-08-06,2023-08-26,Push Notification
CAM000719,Weekend Sale 000719,2024-12-26,2025-01-02,Push Notification
CAM000720,Ramadan Sale 000720,2021-07-12,2021-07-21,SMS
CAM000721,Flash Sale 000721,2020-11-28,2020-12-24,Display Ads
CAM000722,Lebaran Sale 000722,2021-06-10,2021-07-05,Email
CAM000723,Independence Day 000723,2024-02-17,2024-03-01,Affiliate
CAM000724,Back to School 000724,2023-10-13,2023-11-09,Social Media
CAM000725,Year End Sale 000725,2023-06-05,2023-07-05,Push Notification
CAM000726,Ramadan Sale 000726,2022-11-21,2022-12-04,Push Notification
CAM000727,Lebaran Sale 000727,2023-10-02,2023-10-08,Social Media
CAM000728,Back to School 000728,2022-09-04,2022-09-17,Email
CAM000729,Back to School 000729,2021-06-18,2021-07-03,Push Notification
CAM000730,Black Friday 000730,2024-03-23,2024-04-03,SMS
CAM000731,Member Exclusive 000731,2023-04-07,2023-05-03,Email
CAM000732,Black Friday 000732,2021-06-19,2021-07-12,Display Ads
CAM000733,Ramadan Sale 000733,2021-04-28,2021-05-02,Push Notification
CAM000734,Year End Sale 000734,2021-09-20,2021-09-28,Display Ads
CAM000735,Independence Day 000735,2022-10-26,2022-11-20,Display Ads
CAM000736,Independence Day 000736,2020-08-28,2020-09-20,SMS
CAM000737,Back to School 000737,2023-06-12,2023-06-22,Social Media
CAM000738,Flash Sale 000738,2022-09-06,2022-09-13,Display Ads
CAM000739,Year End Sale 000739,2023-05-25,2023-06-08,Display Ads
CAM000740,Weekend Sale 000740,2023-01-29,2023-02-16,Display Ads
CAM000741,Back to School 000741,2024-08-17,2024-08-26,Display Ads
CAM000742,Ramadan Sale 000742,2024-03-25,2024-04-16,Affiliate
CAM000743,Black Friday 000743,2022-07-03,2022-07-22,Email
CAM000744,Ramadan Sale 000744,2025-02-21,2025-03-14,Email
CAM000745,Weekend Sale 000745,2024-08-24,2024-09-13,Social Media
CAM000746,Lebaran Sale 000746,2023-03-18,2023-04-07,Social Media
CAM000747,Weekend Sale 000747,2021-11-02,2021-12-02,Push Notification
CAM000748,Back to School 000748,2020-08-26,2020-09-19,Display Ads
CAM000749,Ramadan Sale 000749,2023-04-09,2023-04-27,Affiliate
CAM000750,New Year Sale 000750,2022-07-01,2022-07-29,Push Notification
CAM000751,Year End Sale 000751,2020-09-27,2020-10-16,Push Notification
CAM000752,Weekend Sale 000752,2023-02-28,2023-03-04,Push Notification
CAM000753,Independence Day 000753,2023-10-09,2023-11-06,Display Ads
CAM000754,Independence Day 000754,2020-02-14,2020-02-29,Email
CAM000755,Member Exclusive 000755,2024-03-07,2024-03-16,Email
CAM000756,Black Friday 000756,2020-04-02,2020-04-18,Display Ads
CAM000757,New Year Sale 000757,2020-05-10,2020-05-30,Email
CAM000758,New Year Sale 000758,2025-03-27,2025-04-14,SMS
CAM000759,Lebaran Sale 000759,2022-04-17,2022-04-25,Display Ads
CAM000760,Year End Sale 000760,2024-02-02,2024-02-25,SMS
CAM000761,Flash Sale 000761,2024-12-30,2025-01-14,Push Notification
CAM000762,Weekend Sale 000762,2022-02-08,2022-02-13,Social Media
CAM000763,Black Friday 000763,2023-08-31,2023-09-30,Email
CAM000764,Year End Sale 000764,2020-12-31,2021-01-20,Affiliate
CAM000765,Back to School 000765,2020-09-17,2020-10-13,Email
CAM000766,Independence Day 000766,2024-03-28,2024-03-31,Push Notification
CAM000767,Weekend Sale 000767,2023-10-11,2023-11-06,Push Notification
CAM000768,Back to School 000768,2022-12-25,2023-01-09,Social Media
CAM000769,Lebaran Sale 000769,2022-08-01,2022-08-15,SMS
CAM000770,Ramadan Sale 000770,2021-01-21,2021-02-16,Email
CAM000771,Year End Sale 000771,2024-07-15,2024-08-08,Affiliate
CAM000772,Back to School 000772,2024-04-17,2024-04-20,Social Media
CAM000773,Member Exclusive 000773,2020-05-17,2020-05-23,Email
CAM000774,New Year Sale 000774,2022-07-03,2022-07-25,Social Media
CAM000775,Year End Sale 000775,2024-02-25,2024-02-29,Push Notification
CAM000776,Back to School 000776,2021-04-24,2021-05-14,Email
CAM000777,Independence Day 000777,2020-10-13,2020-11-01,Social Media
CAM000778,Member Exclusive 000778,2024-07-28,2024-08-23,SMS
CAM000779,Black Friday 000779,2023-03-28,2023-04-19,Social Media
CAM000780,Weekend Sale 000780,2021-09-10,2021-09-17,Social Media
CAM000781,Independence Day 000781,2022-04-26,2022-05-08,Email
CAM000782,Lebaran Sale 000782,2023-02-14,2023-03-07,Display Ads
CAM000783,Weekend Sale 000783,2023-10-22,2023-11-07,Push Notification
CAM000784,Year End Sale 000784,2020-04-06,2020-04-20,Affiliate
CAM000785,Year End Sale 000785,2021-10-14,2021-11-08,Push Notification
CAM000786,Year End Sale 000786,2020-11-01,2020-11-13,Social Media
CAM000787,Flash Sale 000787,2024-03-25,2024-04-14,Social Media
CAM000788,Independence Day 000788,2024-10-05,2024-10-15,Display Ads
CAM000789,Flash Sale 000789,2020-10-22,2020-11-19,Email
CAM000790,Year End Sale 000790,2023-02-25,2023-03-13,Affiliate
CAM000791,Year End Sale 000791,2022-12-21,2022-12-28,Social Media
CAM000792,Black Friday 000792,2021-06-06,2021-06-15,Display Ads
CAM000793,Black Friday 000793,2020-06-10,2020-06-27,Email
CAM000794,Back to School 000794,2023-01-01,2023-01-27,Email
CAM000795,Member Exclusive 000795,2021-07-03,2021-07-18,Affiliate
CAM000796,Ramadan Sale 000796,2020-03-21,2020-04-20,Social Media
CAM000797,Member Exclusive 000797,2024-07-05,2024-08-01,Display Ads
CAM000798,Back to School 000798,2023-10-07,2023-10-27,Push Notification
CAM000799,Black Friday 000799,2021-03-03,2021-04-02,SMS
CAM000800,Back to School 000800,2025-05-13,2025-05-16,Social Media
CAM000801,Ramadan Sale 000801,2025-05-24,2025-06-19,Display Ads
CAM000802,Back to School 000802,2024-03-24,2024-04-11,Display Ads
CAM000803,Back to School 000803,2023-05-22,2023-06-16,Push Notification
CAM000804,Weekend Sale 000804,2025-02-17,2025-02-27,SMS
CAM000805,Year End Sale 000805,2024-05-07,2024-05-19,Push Notification
CAM000806,Black Friday 000806,2022-12-28,2023-01-20,SMS
CAM000807,Weekend Sale 000807,2021-06-19,2021-07-03,Push Notification
CAM000808,Flash Sale 000808,2022-08-12,2022-08-18,SMS
CAM000809,Black Friday 000809,2025-02-15,2025-02-24,SMS
CAM000810,Member Exclusive 000810,2022-04-27,2022-05-01,Social Media
CAM000811,New Year Sale 000811,2024-02-27,2024-03-05,SMS
CAM000812,Member Exclusive 000812,2023-02-07,2023-02-28,Display Ads
CAM000813,Lebaran Sale 000813,2022-05-05,2022-05-17,Social Media
CAM000814,Year End Sale 000814,2021-11-06,2021-11-16,Affiliate
CAM000815,Flash Sale 000815,2024-09-02,2024-09-12,Affiliate
CAM000816,Black Friday 000816,2023-09-02,2023-09-26,SMS
CAM000817,Flash Sale 000817,2024-04-12,2024-05-11,Display Ads
CAM000818,Flash Sale 000818,2023-08-07,2023-09-02,Push Notification
CAM000819,Black Friday 000819,2020-12-10,2021-01-05,Social Media
CAM000820,Weekend Sale 000820,2020-10-13,2020-11-08,Push Notification
CAM000821,New Year Sale 000821,2021-01-11,2021-01-31,Affiliate
CAM000822,Ramadan Sale 000822,2020-03-10,2020-04-08,Display Ads
CAM000823,New Year Sale 000823,2020-04-09,2020-05-06,Push Notification
CAM000824,Back to School 000824,2020-10-08,2020-11-06,Email
CAM000825,New Year Sale 000825,2023-12-19,2023-12-26,Social Media
CAM000826,Black Friday 000826,2022-11-01,2022-11-18,Email
CAM000827,Member Exclusive 000827,2023-06-19,2023-07-12,Push Notification
CAM000828,New Year Sale 000828,2023-09-12,2023-09-30,Email
CAM000829,Year End Sale 000829,2022-12-25,2023-01-14,Email
CAM000830,Independence Day 000830,2020-02-04,2020-02-23,Affiliate
CAM000831,Weekend Sale 000831,2021-08-10,2021-08-13,Display Ads
CAM000832,Lebaran Sale 000832,2023-10-12,2023-10-28,Email
CAM000833,Weekend Sale 000833,2025-02-23,2025-03-01,Social Media
CAM000834,Member Exclusive 000834,2021-05-08,2021-05-17,Affiliate
CAM000835,Black Friday 000835,2021-05-31,2021-06-29,SMS
CAM000836,Ramadan Sale 000836,2024-06-16,2024-07-01,SMS
CAM000837,Flash Sale 000837,2025-05-18,2025-06-02,Affiliate
CAM000838,Back to School 000838,2021-05-13,2021-06-07,SMS
CAM000839,Ramadan Sale 000839,2023-11-01,2023-11-30,Display Ads
CAM000840,New Year Sale 000840,2024-10-23,2024-11-15,Email
CAM000841,Year End Sale 000841,2022-04-10,2022-04-25,Affiliate
CAM000842,New Year Sale 000842,2022-09-01,2022-09-05,Display Ads
CAM000843,Flash Sale 000843,2020-12-16,2020-12-21,Push Notification
CAM000844,Black Friday 000844,2023-08-13,2023-09-10,Affiliate
CAM000845,Weekend Sale 000845,2024-10-23,2024-10-29,Email
CAM000846,Member Exclusive 000846,2021-04-15,2021-04-24,Push Notification
CAM000847,Ramadan Sale 000847,2021-07-09,2021-07-13,Display Ads
CAM000848,Weekend Sale 000848,2025-03-10,2025-03-21,Affiliate
CAM000849,Lebaran Sale 000849,2023-09-09,2023-09-13,SMS
CAM000850,Member Exclusive 000850,2020-02-02,2020-02-11,Social Media
CAM000851,Year End Sale 000851,2024-03-20,2024-04-18,Email
CAM000852,Member Exclusive 000852,2021-09-04,2021-09-12,Social Media
CAM000853,Year End Sale 000853,2023-03-06,2023-04-04,Display Ads
CAM000854,Black Friday 000854,2025-01-10,2025-01-30,Push Notification
CAM000855,Lebaran Sale 000855,2024-03-27,2024-04-22,Display Ads
CAM000856,Weekend Sale 000856,2024-01-23,2024-01-28,Display Ads
CAM000857,New Year Sale 000857,2025-06-18,2025-07-02,Email
CAM000858,Ramadan Sale 000858,2022-06-14,2022-06-24,SMS
CAM000859,Member Exclusive 000859,2023-05-24,2023-06-20,Affiliate
CAM000860,Black Friday 000860,2022-03-23,2022-04-19,Email
CAM000861,Flash Sale 000861,2023-07-22,2023-08-02,Push Notification
CAM000862,Weekend Sale 000862,2021-04-12,2021-04-26,Push Notification
CAM000863,Member Exclusive 000863,2022-06-03,2022-06-11,Display Ads
CAM000864,Member Exclusive 000864,2022-02-17,2022-02-22,SMS
CAM000865,Ramadan Sale 000865,2024-06-22,2024-07-02,Email
CAM000866,Year End Sale 000866,2021-07-02,2021-07-09,Display Ads
CAM000867,Lebaran Sale 000867,2024-05-24,2024-06-16,Display Ads
CAM000868,Black Friday 000868,2022-03-08,2022-03-21,Email
CAM000869,Independence Day 000869,2020-07-06,2020-07-09,Push Notification
CAM000870,Independence Day 000870,2022-01-07,2022-02-03,Email
CAM000871,Lebaran Sale 000871,2020-09-28,2020-10-03,Push Notification
CAM000872,Weekend Sale 000872,2022-07-08,2022-07-28,Affiliate
CAM000873,New Year Sale 000873,2022-04-15,2022-04-21,Email
CAM000874,Ramadan Sale 000874,2021-12-25,2022-01-14,Affiliate
CAM000875,Black Friday 000875,2023-05-09,2023-06-06,Push Notification
CAM000876,Year End Sale 000876,2020-01-26,2020-02-07,Push Notification
CAM000877,Weekend Sale 000877,2024-05-14,2024-05-19,Social Media
CAM000878,Lebaran Sale 000878,2023-03-17,2023-04-05,Display Ads
CAM000879,Lebaran Sale 000879,2022-02-18,2022-02-26,SMS
CAM000880,Flash Sale 000880,2021-09-08,2021-09-19,Social Media
CAM000881,Year End Sale 000881,2020-05-09,2020-05-17,SMS
CAM000882,Flash Sale 000882,2022-05-12,2022-05-24,Email
CAM000883,Back to School 000883,2022-01-09,2022-01-20,Display Ads
CAM000884,Member Exclusive 000884,2023-07-04,2023-07-22,Affiliate
CAM000885,Ramadan Sale 000885,2021-02-04,2021-02-21,Social Media
CAM000886,Year End Sale 000886,2021-09-15,2021-09-18,SMS
CAM000887,Year End Sale 000887,2024-09-19,2024-10-11,SMS
CAM000888,Year End Sale 000888,2022-06-20,2022-07-03,Display Ads
CAM000889,Lebaran Sale 000889,2025-06-18,2025-07-10,SMS
CAM000890,Back to School 000890,2021-10-18,2021-11-09,Push Notification
CAM000891,Year End Sale 000891,2021-10-05,2021-10-13,SMS
CAM000892,Flash Sale 000892,2021-08-19,2021-09-14,Affiliate
CAM000893,Black Friday 000893,2024-05-20,2024-05-30,Push Notification
CAM000894,Year End Sale 000894,2021-07-28,2021-08-26,SMS
CAM000895,Back to School 000895,2020-08-21,2020-09-11,Affiliate
CAM000896,Weekend Sale 000896,2023-01-22,2023-01-30,Email
CAM000897,Flash Sale 000897,2025-05-05,2025-05-31,Display Ads
CAM000898,Independence Day 000898,2021-03-05,2021-03-22,Display Ads
CAM000899,Year End Sale 000899,2020-05-21,2020-06-19,Display Ads
CAM000900,Independence Day 000900,2022-10-19,2022-10-26,Social Media
CAM000901,Lebaran Sale 000901,2021-06-01,2021-06-25,Display Ads
CAM000902,Year End Sale 000902,2022-05-16,2022-06-13,Email
CAM000903,Flash Sale 000903,2022-07-08,2022-07-30,Affiliate
CAM000904,Weekend Sale 000904,2022-03-31,2022-04-20,Display Ads
CAM000905,New Year Sale 000905,2022-05-06,2022-05-26,SMS
CAM000906,Weekend Sale 000906,2023-12-07,2024-01-04,Affiliate
CAM000907,Ramadan Sale 000907,2023-07-30,2023-08-04,Social Media
CAM000908,Black Friday 000908,2023-09-08,2023-10-02,Social Media
CAM000909,New Year Sale 000909,2023-08-18,2023-09-09,Affiliate
CAM000910,Year End Sale 000910,2023-08-14,2023-09-07,SMS
CAM000911,Year End Sale 000911,2025-05-31,2025-06-28,Email
CAM000912,Independence Day 000912,2020-01-22,2020-01-28,Social Media
CAM000913,Weekend Sale 000913,2022-11-11,2022-12-07,Affiliate
CAM000914,Member Exclusive 000914,2023-04-03,2023-04-28,Social Media
CAM000915,Year End Sale 000915,2022-07-01,2022-07-15,Push Notification
CAM000916,Member Exclusive 000916,2024-04-30,2024-05-24,Display Ads
CAM000917,Black Friday 000917,2022-10-21,2022-10-28,Email
CAM000918,Independence Day 000918,2022-09-15,2022-09-21,Push Notification
CAM000919,Ramadan Sale 000919,2025-02-28,2025-03-05,Display Ads
CAM000920,Independence Day 000920,2020-10-17,2020-10-31,SMS
CAM000921,Back to School 000921,2022-07-21,2022-08-18,Affiliate
CAM000922,Flash Sale 000922,2022-09-16,2022-09-30,Email
CAM000923,Flash Sale 000923,2022-06-16,2022-07-12,SMS
CAM000924,New Year Sale 000924,2020-05-17,2020-05-29,Display Ads
CAM000925,Black Friday 000925,2020-08-23,2020-08-26,Display Ads
CAM000926,Lebaran Sale 000926,2020-08-11,2020-09-04,Display Ads
CAM000927,Lebaran Sale 000927,2021-05-14,2021-06-02,Affiliate
CAM000928,Weekend Sale 000928,2020-11-23,2020-12-06,Push Notification
CAM000929,Back to School 000929,2025-05-16,2025-06-02,Push Notification
CAM000930,Lebaran Sale 000930,2023-07-13,2023-07-21,Display Ads
CAM000931,Year End Sale 000931,2023-09-08,2023-09-24,Email
CAM000932,Back to School 000932,2024-02-19,2024-03-12,Push Notification
CAM000933,Year End Sale 000933,2023-04-27,2023-05-13,Email
CAM000934,Back to School 000934,2023-12-14,2023-12-23,SMS
CAM000935,Ramadan Sale 000935,2024-03-20,2024-04-14,Affiliate
CAM000936,Weekend Sale 000936,2020-07-27,2020-08-24,Social Media
CAM000937,Back to School 000937,2022-01-19,2022-02-01,Push Notification
CAM000938,Flash Sale 000938,2020-08-21,2020-09-01,Affiliate
CAM000939,Black Friday 000939,2025-06-01,2025-06-24,Affiliate
CAM000940,Year End Sale 000940,2022-03-06,2022-03-28,Affiliate
CAM000941,Black Friday 000941,2020-08-21,2020-09-04,Push Notification
CAM000942,Independence Day 000942,2023-06-18,2023-06-26,Affiliate
CAM000943,Lebaran Sale 000943,2023-04-23,2023-04-28,SMS
CAM000944,Independence Day 000944,2020-08-29,2020-09-08,Email
CAM000945,Lebaran Sale 000945,2021-01-09,2021-01-23,Affiliate
CAM000946,Member Exclusive 000946,2022-03-06,2022-03-22,Social Media
CAM000947,Year End Sale 000947,2023-03-23,2023-04-07,Social Media
CAM000948,Weekend Sale 000948,2022-09-23,2022-10-16,Display Ads
CAM000949,Lebaran Sale 000949,2025-02-25,2025-03-20,Affiliate
CAM000950,Independence Day 000950,2020-12-07,2020-12-25,Social Media
CAM000951,Flash Sale 000951,2021-01-18,2021-01-31,Affiliate
CAM000952,Black Friday 000952,2020-04-19,2020-05-19,Email
CAM000953,Back to School 000953,2022-09-19,2022-09-26,Push Notification
CAM000954,Weekend Sale 000954,2025-05-27,2025-06-16,Display Ads
CAM000955,Flash Sale 000955,2022-10-10,2022-10-26,Push Notification
CAM000956,Flash Sale 000956,2023-12-25,2024-01-23,Push Notification
CAM000957,Member Exclusive 000957,2020-12-08,2020-12-13,Email
CAM000958,Back to School 000958,2024-06-17,2024-07-14,SMS
CAM000959,Back to School 000959,2020-03-07,2020-03-18,Affiliate
CAM000960,Flash Sale 000960,2021-08-14,2021-08-22,Affiliate
CAM000961,Flash Sale 000961,2024-02-29,2024-03-27,Affiliate
CAM000962,Member Exclusive 000962,2022-11-12,2022-11-18,Email
CAM000963,Weekend Sale 000963,2021-07-02,2021-07-29,SMS
CAM000964,New Year Sale 000964,2023-01-15,2023-02-13,Display Ads
CAM000965,Back to School 000965,2022-06-22,2022-07-12,Push Notification
CAM000966,Back to School 000966,2020-07-28,2020-08-23,SMS
CAM000967,Flash Sale 000967,2024-11-26,2024-11-30,SMS
CAM000968,Ramadan Sale 000968,2021-12-14,2022-01-13,Push Notification
CAM000969,Back to School 000969,2024-11-07,2024-11-13,Social Media
CAM000970,Member Exclusive 000970,2024-07-18,2024-08-13,Display Ads
CAM000971,Member Exclusive 000971,2021-12-19,2022-01-18,Display Ads
CAM000972,Member Exclusive 000972,2022-05-26,2022-06-03,Social Media
CAM000973,Back to School 000973,2024-05-26,2024-06-04,Email
CAM000974,Weekend Sale 000974,2023-03-13,2023-03-27,SMS
CAM000975,Lebaran Sale 000975,2023-05-07,2023-05-27,SMS
CAM000976,Independence Day 000976,2023-12-12,2023-12-24,Affiliate
CAM000977,Weekend Sale 000977,2021-07-01,2021-07-31,Display Ads
CAM000978,Lebaran Sale 000978,2024-07-27,2024-08-02,Push Notification
CAM000979,Independence Day 000979,2025-02-24,2025-02-28,Display Ads
CAM000980,Lebaran Sale 000980,2020-09-16,2020-10-11,Social Media
CAM000981,Black Friday 000981,2020-10-26,2020-11-20,Social Media
CAM000982,Year End Sale 000982,2024-04-08,2024-05-07,Push Notification
CAM000983,Independence Day 000983,2020-10-18,2020-11-08,Display Ads
CAM000984,Flash Sale 000984,2022-04-28,2022-05-13,Email
CAM000985,Ramadan Sale 000985,2023-07-21,2023-08-18,Push Notification
CAM000986,Independence Day 000986,2022-11-21,2022-12-17,Display Ads
CAM000987,Flash Sale 000987,2025-04-01,2025-04-15,Push Notification
CAM000988,New Year Sale 000988,2021-11-01,2021-11-22,Display Ads
CAM000989,Flash Sale 000989,2020-07-09,2020-08-04,Display Ads
CAM000990,Black Friday 000990,2023-09-22,2023-10-17,Email
CAM000991,Year End Sale 000991,2024-06-17,2024-07-07,Social Media
CAM000992,Back to School 000992,2025-06-05,2025-06-21,Push Notification
CAM000993,Independence Day 000993,2021-07-03,2021-07-16,SMS
CAM000994,Lebaran Sale 000994,2023-01-25,2023-02-15,Affiliate
CAM000995,Black Friday 000995,2024-10-11,2024-10-29,Display Ads
CAM000996,New Year Sale 000996,2024-04-10,2024-04-14,Email
CAM000997,Flash Sale 000997,2023-07-06,2023-08-03,Email
CAM000998,Lebaran Sale 000998,2020-09-11,2020-10-11,Push Notification
CAM000999,Year End Sale 000999,2022-07-23,2022-07-26,Social Media
CAM001000,Independence Day 001000,2023-11-11,2023-11-18,Social Media
