product_id,product_name,category,price
P000001,Cotton Keyboard - 000001,Garden,328000
P000002,Mouse - 000002,Jewelery,115000
P000003,Licensed Cheese - 000003,Books,45000
P000004,Practical Soft Ball - 000004,Outdoors,48000
P000005,Frozen Fish - 000005,Jewelery,14000
P000006,Refined Fresh Gloves - 000006,Tools,215000
P000007,Chair - 000007,Health,415000
P000008,Fantastic Mouse - 000008,Games,143000
P000009,Granite Hat - 000009,Beauty,48000
P000010,Ergonomic Pants - 000010,Jewelery,310000
P000011,Hat - 000011,Grocery,64000
P000012,Granite Pizza - 000012,Sports,425000
P000013,Sausages - 000013,Industrial,99000
P000014,Rustic Plastic Shirt - 000014,Games,117000
P000015,Frozen Pants - 000015,Beauty,195000
P000016,Handcrafted Shoes - 000016,Industrial,84000
P000017,Wooden Sausages - 000017,Outdoors,137000
P000018,New Plastic Bike - 000018,Computers,326000
P000019,Hat - 000019,Jewelery,237000
P000020,Generic Salad - 000020,Garden,113000
P000021,Generic Car - 000021,Tools,421000
P000022,Gently Used Ball - 000022,Home,34000
P000023,Handmade Frozen Tuna - 000023,Baby,336000
P000024,Gorgeous Plastic Pants - 000024,Jewelery,74000
P000025,Rubber Pants - 000025,Sports,276000
P000026,Practical Shoes - 000026,Shoes,205000
P000027,Ergonomic Wooden Computer - 000027,Electronics,253000
P000028,Licensed Bike - 000028,Music,322000
P000029,Used Metal Hat - 000029,Shoes,198000
P000030,Small Frozen Fish - 000030,Games,129000
P000031,Frozen Fish - 000031,Health,350000
P000032,Concrete Shirt - 000032,Baby,58000
P000033,Chips - 000033,Computers,2000
P000034,For repair Cotton Keyboard - 000034,Automotive,260000
P000035,Fantastic Bacon - 000035,Beauty,260000
P000036,New Soft Bike - 000036,Books,391000
P000037,Table - 000037,Games,307000
P000038,Awesome Plastic Shoes - 000038,Movies,476000
P000039,Rustic Wooden Cheese - 000039,Clothing,124000
P000040,Concrete Computer - 000040,Electronics,418000
P000041,New Tuna - 000041,Tools,338000
P000042,Bacon - 000042,Jewelery,271000
P000043,Cotton Chips - 000043,Toys,387000
P000044,Pizza - 000044,Shoes,344000
P000045,Practical Plastic Keyboard - 000045,Music,232000
P000046,Soft Chair - 000046,Garden,174000
P000047,Small Gloves - 000047,Automotive,302000
P000048,Rustic Steel Gloves - 000048,Health,31000
P000049,Chicken - 000049,Industrial,37000
P000050,New Concrete Ball - 000050,Sports,249000
P000051,Practical Tuna - 000051,Kids,296000
P000052,Frozen Keyboard - 000052,Kids,98000
P000053,Licensed Metal Towels - 000053,Movies,182000
P000054,For repair Pizza - 000054,Movies,345000
P000055,Generic Wooden Chips - 000055,Garden,207000
P000056,New Metal Ball - 000056,Electronics,99000
P000057,Sleek Metal Bike - 000057,Garden,217000
P000058,Refined Computer - 000058,Games,448000
P000059,New Steel Pizza - 000059,Music,26000
P000060,Gloves - 000060,Clothing,475000
P000061,Handmade Steel Ball - 000061,Computers,247000
P000062,Handmade Cotton Chair - 000062,Baby,195000
P000063,Towels - 000063,Clothing,147000
P000064,Awesome Plastic Ball - 000064,Movies,80000
P000065,Steel Chips - 000065,Health,297000
P000066,Gently Used Car - 000066,Shoes,30000
P000067,Chicken - 000067,Shoes,471000
P000068,Rustic Fresh Bike - 000068,Music,42000
P000069,Handmade Wooden Gloves - 000069,Sports,346000
P000070,Used Steel Cheese - 000070,Outdoors,127000
P000071,Gently Used Fresh Towels - 000071,Shoes,42000
P000072,Frozen Pants - 000072,Health,162000
P000073,Handmade Pants - 000073,Industrial,123000
P000074,Shirt - 000074,Music,331000
P000075,Used Soap - 000075,Games,5000
P000076,Soft Fish - 000076,Tools,38000
P000077,Rustic Shoes - 000077,Beauty,68000
P000078,Refined Soft Bike - 000078,Grocery,146000
P000079,Tasty Pizza - 000079,Industrial,314000
P000080,Frozen Fish - 000080,Games,419000
P000081,Sleek Wooden Mouse - 000081,Games,481000
P000082,Gorgeous Fish - 000082,Grocery,381000
P000083,Generic Ball - 000083,Industrial,310000
P000084,Metal Pants - 000084,Tools,325000
P000085,Rustic Car - 000085,Kids,464000
P000086,Steel Pants - 000086,Health,425000
P000087,For repair Mouse - 000087,Computers,395000
P000088,New Rubber Soap - 000088,Jewelery,380000
P000089,Rustic Keyboard - 000089,Jewelery,5000
P000090,Shoes - 000090,Electronics,19000
P000091,Ergonomic Cotton Mouse - 000091,Beauty,221000
P000092,Handcrafted Plastic Car - 000092,Industrial,461000
P000093,Intelligent Granite Salad - 000093,Jewelery,128000
P000094,Used Towels - 000094,Garden,453000
P000095,Bike - 000095,Books,443000
P000096,Chips - 000096,Industrial,92000
P000097,Cotton Chips - 000097,Computers,443000
P000098,Intelligent Rubber Sausages - 000098,Movies,404000
P000099,Plastic Tuna - 000099,Baby,440000
P000100,Practical Plastic Shirt - 000100,Books,180000
P000101,Ball - 000101,Tools,338000
P000102,Computer - 000102,Automotive,443000
P000103,New Granite Hat - 000103,Books,261000
P000104,Pants - 000104,Tools,60000
P000105,Keyboard - 000105,Beauty,20000
P000106,Licensed Table - 000106,Shoes,374000
P000107,Gently Used Plastic Hat - 000107,Tools,60000
P000108,Steel Sausages - 000108,Shoes,23000
P000109,Fish - 000109,Kids,474000
P000110,Generic Fresh Salad - 000110,Health,36000
P000111,Awesome Keyboard - 000111,Grocery,340000
P000112,Towels - 000112,Grocery,342000
P000113,Fantastic Rubber Mouse - 000113,Industrial,284000
P000114,Hat - 000114,Sports,482000
P000115,Hat - 000115,Grocery,155000
P000116,Licensed Ball - 000116,Outdoors,147000
P000117,Refined Table - 000117,Baby,336000
P000118,Metal Ball - 000118,Computers,346000
P000119,Awesome Computer - 000119,Industrial,338000
P000120,Wooden Bacon - 000120,Garden,325000
P000121,Plastic Shirt - 000121,Electronics,345000
P000122,Practical Car - 000122,Outdoors,13000
P000123,Refined Computer - 000123,Automotive,436000
P000124,Ball - 000124,Toys,295000
P000125,Steel Mouse - 000125,Games,125000
P000126,Practical Towels - 000126,Shoes,399000
P000127,Car - 000127,Games,238000
P000128,Refined Mouse - 000128,Shoes,234000
P000129,Generic Metal Bacon - 000129,Outdoors,287000
P000130,Rubber Chips - 000130,Jewelery,418000
P000131,Unbranded Bike - 000131,Tools,229000
P000132,For repair Cotton Gloves - 000132,Shoes,385000
P000133,Cotton Pizza - 000133,Baby,249000
P000134,Sausages - 000134,Tools,40000
P000135,Wooden Table - 000135,Electronics,172000
P000136,Handmade Concrete Gloves - 000136,Home,78000
P000137,Licensed Granite Towels - 000137,Jewelery,33000
P000138,Towels - 000138,Kids,239000
P000139,Small Cheese - 000139,Toys,200000
P000140,Cotton Chair - 000140,Toys,245000
P000141,New Soft Towels - 000141,Outdoors,437000
P000142,Gloves - 000142,Tools,460000
P000143,Small Tuna - 000143,Health,224000
P000144,Handmade Salad - 000144,Baby,343000
P000145,Used Soft Mouse - 000145,Books,471000
P000146,Gently Used Hat - 000146,Industrial,465000
P000147,For repair Rubber Computer - 000147,Electronics,14000
P000148,Steel Soap - 000148,Tools,444000
P000149,Table - 000149,Health,195000
P000150,Hat - 000150,Tools,173000
P000151,Unbranded Steel Computer - 000151,Jewelery,428000
P000152,Frozen Shoes - 000152,Music,27000
P000153,Ergonomic Pizza - 000153,Garden,400000
P000154,Chair - 000154,Garden,103000
P000155,Fresh Tuna - 000155,Home,65000
P000156,Sleek Sausages - 000156,Computers,239000
P000157,Intelligent Bacon - 000157,Grocery,311000
P000158,Cotton Cheese - 000158,Sports,56000
P000159,Handmade Plastic Hat - 000159,Music,347000
P000160,Sausages - 000160,Games,304000
P000161,Used Wooden Shirt - 000161,Sports,357000
P000162,Handcrafted Car - 000162,Kids,401000
P000163,Rustic Soft Shoes - 000163,Automotive,339000
P000164,Chair - 000164,Games,175000
P000165,Shoes - 000165,Electronics,222000
P000166,Frozen Bike - 000166,Tools,223000
P000167,Fish - 000167,Kids,316000
P000168,Gently Used Chips - 000168,Health,423000
P000169,Cotton Gloves - 000169,Baby,437000
P000170,Fresh Soap - 000170,Industrial,125000
P000171,Metal Table - 000171,Health,195000
P000172,Fantastic Granite Tuna - 000172,Tools,94000
P000173,Used Cotton Pants - 000173,Jewelery,175000
P000174,Fantastic Wooden Chicken - 000174,Garden,6000
P000175,Unbranded Towels - 000175,Garden,369000
P000176,Tuna - 000176,Baby,354000
P000177,Chair - 000177,Garden,406000
P000178,Cotton Sausages - 000178,Industrial,208000
P000179,Unbranded Shoes - 000179,Shoes,298000
P000180,New Towels - 000180,Beauty,177000
P000181,Soap - 000181,Tools,360000
P000182,Fantastic Keyboard - 000182,Games,119000
P000183,Incredible Fish - 000183,Home,381000
P000184,Fresh Tuna - 000184,Shoes,379000
P000185,Plastic Shirt - 000185,Grocery,306000
P000186,Incredible Cotton Shoes - 000186,Books,117000
P000187,Cotton Fish - 000187,Movies,363000
P000188,New Cotton Car - 000188,Electronics,499000
P000189,Intelligent Steel Tuna - 000189,Sports,327000
P000190,Metal Tuna - 000190,Health,146000
P000191,Metal Car - 000191,Games,95000
P000192,Handmade Metal Computer - 000192,Music,421000
P000193,Pizza - 000193,Electronics,296000
P000194,Awesome Cheese - 000194,Garden,416000
P000195,Fresh Fish - 000195,Outdoors,61000
P000196,Bacon - 000196,Toys,405000
P000197,Fresh Soap - 000197,Kids,231000
P000198,Cheese - 000198,Outdoors,157000
P000199,Plastic Chips - 000199,Automotive,492000
P000200,Rustic Concrete Pants - 000200,Garden,109000
P000201,Concrete Fish - 000201,Books,89000
P000202,Soap - 000202,Grocery,210000
P000203,Cotton Gloves - 000203,Baby,17000
P000204,Salad - 000204,Automotive,37000
P000205,Fantastic Rubber Salad - 000205,Games,302000
P000206,For repair Concrete Gloves - 000206,Tools,279000
P000207,Mouse - 000207,Computers,424000
P000208,Shirt - 000208,Grocery,406000
P000209,Refined Keyboard - 000209,Toys,225000
P000210,Pants - 000210,Clothing,483000
P000211,Computer - 000211,Kids,225000
P000212,Cotton Table - 000212,Books,377000
P000213,Gently Used Fresh Gloves - 000213,Books,47000
P000214,Fresh Salad - 000214,Movies,392000
P000215,Unbranded Bike - 000215,Automotive,391000
P000216,Incredible Fresh Pants - 000216,Kids,227000
P000217,Tuna - 000217,Beauty,326000
P000218,Frozen Table - 000218,Games,210000
P000219,Rubber Bike - 000219,Clothing,440000
P000220,Handmade Soft Salad - 000220,Movies,148000
P000221,Generic Cotton Computer - 000221,Health,233000
P000222,Tasty Hat - 000222,Industrial,60000
P000223,Refined Fish - 000223,Movies,446000
P000224,Handcrafted Chicken - 000224,Clothing,97000
P000225,Plastic Soap - 000225,Tools,321000
P000226,Metal Mouse - 000226,Clothing,282000
P000227,Fresh Chair - 000227,Garden,63000
P000228,Soft Bike - 000228,Books,364000
P000229,Rustic Plastic Towels - 000229,Games,283000
P000230,For repair Concrete Keyboard - 000230,Clothing,237000
P000231,Sausages - 000231,Tools,478000
P000232,Unbranded Plastic Tuna - 000232,Baby,213000
P000233,Handmade Mouse - 000233,Outdoors,283000
P000234,Gorgeous Wooden Chips - 000234,Tools,261000
P000235,Soft Towels - 000235,Tools,396000
P000236,Awesome Chair - 000236,Sports,421000
P000237,Salad - 000237,Baby,297000
P000238,Handcrafted Tuna - 000238,Jewelery,276000
P000239,Fish - 000239,Health,391000
P000240,Fresh Ball - 000240,Toys,446000
P000241,Granite Towels - 000241,Clothing,120000
P000242,Frozen Hat - 000242,Automotive,362000
P000243,Ergonomic Concrete Tuna - 000243,Shoes,78000
P000244,Wooden Cheese - 000244,Baby,495000
P000245,Chicken - 000245,Electronics,52000
P000246,Pizza - 000246,Clothing,210000
P000247,Generic Fresh Pants - 000247,Toys,401000
P000248,Generic Computer - 000248,Jewelery,333000
P000249,For repair Metal Table - 000249,Jewelery,195000
P000250,Rustic Plastic Bacon - 000250,Automotive,19000
P000251,Wooden Shirt - 000251,Kids,351000
P000252,Intelligent Pizza - 000252,Computers,51000
P000253,Small Shirt - 000253,Health,356000
P000254,Awesome Car - 000254,Beauty,408000
P000255,Mouse - 000255,Kids,221000
P000256,Incredible Concrete Salad - 000256,Computers,290000
P000257,Fresh Bacon - 000257,Industrial,41000
P000258,Tuna - 000258,Garden,124000
P000259,Pizza - 000259,Tools,237000
P000260,Refined Cotton Chair - 000260,Industrial,342000
P000261,Metal Bike - 000261,Beauty,280000
P000262,Shirt - 000262,Tools,301000
P000263,Fantastic Shirt - 000263,Clothing,234000
P000264,Handmade Fresh Gloves - 000264,Beauty,55000
P000265,Awesome Shirt - 000265,Industrial,295000
P000266,Pants - 000266,Industrial,203000
P000267,Fresh Chips - 000267,Clothing,399000
P000268,Fresh Shirt - 000268,Beauty,427000
P000269,Fresh Pizza - 000269,Tools,113000
P000270,Gorgeous Chips - 000270,Games,348000
P000271,For repair Pizza - 000271,Grocery,463000
P000272,Ergonomic Fresh Soap - 000272,Beauty,404000
P000273,Mouse - 000273,Health,375000
P000274,Towels - 000274,Electronics,383000
P000275,Soft Fish - 000275,Shoes,403000
P000276,Incredible Pants - 000276,Clothing,468000
P000277,Generic Wooden Shirt - 000277,Baby,496000
P000278,Computer - 000278,Industrial,494000
P000279,Handmade Soft Salad - 000279,Beauty,371000
P000280,Hat - 000280,Jewelery,47000
P000281,Handcrafted Soap - 000281,Industrial,64000
P000282,Frozen Cheese - 000282,Beauty,135000
P000283,Metal Salad - 000283,Books,56000
P000284,Generic Fresh Fish - 000284,Garden,318000
P000285,Computer - 000285,Grocery,332000
P000286,Concrete Towels - 000286,Movies,333000
P000287,Car - 000287,Games,485000
P000288,Concrete Gloves - 000288,Toys,50000
P000289,Shoes - 000289,Sports,233000
P000290,Rubber Chips - 000290,Automotive,381000
P000291,Rubber Tuna - 000291,Tools,51000
P000292,Plastic Sausages - 000292,Baby,17000
P000293,Gloves - 000293,Industrial,228000
P000294,Granite Fish - 000294,Movies,189000
P000295,Pants - 000295,Baby,204000
P000296,Fantastic Frozen Salad - 000296,Automotive,47000
P000297,Ergonomic Granite Chair - 000297,Garden,306000
P000298,Fantastic Wooden Cheese - 000298,Jewelery,65000
P000299,Plastic Cheese - 000299,Health,107000
P000300,Used Steel Mouse - 000300,Tools,397000
P000301,Gorgeous Soft Mouse - 000301,Tools,440000
P000302,Frozen Bike - 000302,Books,409000
P000303,Handcrafted Plastic Chair - 000303,Sports,68000
P000304,Chair - 000304,Movies,166000
P000305,Licensed Chips - 000305,Games,65000
P000306,Metal Computer - 000306,Beauty,382000
P000307,Intelligent Metal Cheese - 000307,Shoes,263000
P000308,Ergonomic Bacon - 000308,Shoes,114000
P000309,For repair Soap - 000309,Movies,155000
P000310,Licensed Frozen Hat - 000310,Games,246000
P000311,Refined Sausages - 000311,Music,252000
P000312,Gorgeous Bacon - 000312,Electronics,165000
P000313,For repair Fresh Bacon - 000313,Jewelery,141000
P000314,Fresh Table - 000314,Shoes,365000
P000315,Tasty Fresh Soap - 000315,Kids,151000
P000316,Sausages - 000316,Automotive,51000
P000317,Fish - 000317,Baby,450000
P000318,Gloves - 000318,Baby,455000
P000319,Intelligent Towels - 000319,Kids,205000
P000320,Sleek Granite Salad - 000320,Electronics,161000
P000321,Wooden Tuna - 000321,Music,352000
P000322,Intelligent Towels - 000322,Electronics,48000
P000323,Gently Used Car - 000323,Jewelery,285000
P000324,Salad - 000324,Beauty,169000
P000325,Steel Salad - 000325,Grocery,448000
P000326,Shirt - 000326,Sports,308000
P000327,Gorgeous Frozen Ball - 000327,Clothing,260000
P000328,Soft Keyboard - 000328,Beauty,115000
P000329,Pants - 000329,Kids,59000
P000330,Fish - 000330,Industrial,433000
P000331,Small Fresh Fish - 000331,Industrial,330000
P000332,Sleek Steel Sausages - 000332,Computers,425000
P000333,Awesome Granite Sausages - 000333,Beauty,140000
P000334,Fresh Bike - 000334,Industrial,4000
P000335,Computer - 000335,Books,206000
P000336,Tasty Plastic Chips - 000336,Toys,47000
P000337,Generic Concrete Soap - 000337,Beauty,215000
P000338,Generic Fresh Chips - 000338,Outdoors,160000
P000339,Gorgeous Concrete Car - 000339,Outdoors,44000
P000340,Rustic Salad - 000340,Baby,26000
P000341,Fresh Towels - 000341,Baby,339000
P000342,Pants - 000342,Games,213000
P000343,Cotton Towels - 000343,Industrial,177000
P000344,Unbranded Soft Cheese - 000344,Industrial,348000
P000345,Rubber Car - 000345,Outdoors,158000
P000346,Fantastic Cotton Chair - 000346,Home,29000
P000347,Sleek Cotton Mouse - 000347,Health,393000
P000348,Unbranded Chair - 000348,Computers,62000
P000349,Plastic Hat - 000349,Shoes,67000
P000350,Handcrafted Wooden Salad - 000350,Toys,287000
P000351,Chips - 000351,Books,442000
P000352,Generic Computer - 000352,Kids,236000
P000353,Hat - 000353,Grocery,294000
P000354,Granite Hat - 000354,Computers,59000
P000355,Refined Granite Bacon - 000355,Music,411000
P000356,Rubber Keyboard - 000356,Sports,224000
P000357,Rustic Chicken - 000357,Grocery,206000
P000358,Practical Granite Table - 000358,Computers,382000
P000359,For repair Chicken - 000359,Shoes,40000
P000360,Ball - 000360,Automotive,262000
P000361,Wooden Mouse - 000361,Electronics,418000
P000362,Ball - 000362,Electronics,132000
P000363,Pizza - 000363,Automotive,390000
P000364,Soap - 000364,Baby,253000
P000365,Frozen Cheese - 000365,Outdoors,349000
P000366,Generic Concrete Pizza - 000366,Baby,166000
P000367,Tuna - 000367,Grocery,35000
P000368,Gently Used Steel Pants - 000368,Beauty,408000
P000369,Awesome Metal Computer - 000369,Baby,260000
P000370,Handcrafted Cotton Car - 000370,Music,20000
P000371,Computer - 000371,Shoes,331000
P000372,Soft Soap - 000372,Movies,197000
P000373,For repair Plastic Cheese - 000373,Health,231000
P000374,Tuna - 000374,Movies,310000
P000375,Generic Wooden Keyboard - 000375,Shoes,231000
P000376,Bike - 000376,Baby,331000
P000377,Tasty Chicken - 000377,Computers,225000
P000378,Awesome Rubber Shoes - 000378,Kids,187000
P000379,Table - 000379,Automotive,397000
P000380,Rustic Table - 000380,Games,332000
P000381,Cotton Salad - 000381,Tools,286000
P000382,Concrete Salad - 000382,Health,371000
P000383,Granite Cheese - 000383,Grocery,42000
P000384,Handmade Pizza - 000384,Outdoors,496000
P000385,Awesome Computer - 000385,Toys,363000
P000386,Frozen Table - 000386,Industrial,330000
P000387,Rustic Frozen Chicken - 000387,Industrial,468000
P000388,Handcrafted Chicken - 000388,Beauty,217000
P000389,Fantastic Bike - 000389,Clothing,159000
P000390,Gorgeous Concrete Gloves - 000390,Music,99000
P000391,Keyboard - 000391,Shoes,152000
P000392,Salad - 000392,Electronics,20000
P000393,Hat - 000393,Computers,306000
P000394,Used Concrete Sausages - 000394,Baby,426000
P000395,Towels - 000395,Garden,23000
P000396,Used Soap - 000396,Baby,497000
P000397,Cotton Fish - 000397,Clothing,120000
P000398,Handcrafted Ball - 000398,Sports,463000
P000399,Soap - 000399,Shoes,226000
P000400,Plastic Towels - 000400,Outdoors,271000
P000401,Frozen Pants - 000401,Clothing,71000
P000402,Shoes - 000402,Shoes,448000
P000403,Awesome Wooden Keyboard - 000403,Computers,436000
P000404,Tasty Concrete Soap - 000404,Kids,140000
P000405,Granite Gloves - 000405,Books,47000
P000406,Soft Car - 000406,Beauty,213000
P000407,Granite Hat - 000407,Garden,121000
P000408,Table - 000408,Health,15000
P000409,Steel Mouse - 000409,Grocery,406000
P000410,Metal Tuna - 000410,Baby,470000
P000411,Steel Chair - 000411,Tools,316000
P000412,Mouse - 000412,Shoes,111000
P000413,Keyboard - 000413,Grocery,217000
P000414,Car - 000414,Automotive,63000
P000415,Refined Bacon - 000415,Games,407000
P000416,Soft Tuna - 000416,Books,429000
P000417,Gently Used Plastic Chicken - 000417,Electronics,324000
P000418,Small Fresh Towels - 000418,Beauty,150000
P000419,Licensed Concrete Cheese - 000419,Industrial,124000
P000420,Computer - 000420,Music,343000
P000421,Soft Chicken - 000421,Shoes,489000
P000422,Chair - 000422,Movies,284000
P000423,Hat - 000423,Books,326000
P000424,Handcrafted Plastic Computer - 000424,Industrial,183000
P000425,Granite Keyboard - 000425,Electronics,322000
P000426,New Shoes - 000426,Automotive,23000
P000427,Salad - 000427,Automotive,90000
P000428,Rustic Mouse - 000428,Movies,94000
P000429,Ergonomic Ball - 000429,Movies,151000
P000430,Shirt - 000430,Jewelery,162000
P000431,Frozen Pants - 000431,Home,243000
P000432,Frozen Shoes - 000432,Health,147000
P000433,Keyboard - 000433,Toys,140000
P000434,Soap - 000434,Computers,381000
P000435,Unbranded Granite Sausages - 000435,Shoes,255000
P000436,Wooden Computer - 000436,Kids,137000
P000437,Cotton Bike - 000437,Health,309000
P000438,Frozen Computer - 000438,Grocery,53000
P000439,Used Soap - 000439,Computers,157000
P000440,Soap - 000440,Movies,354000
P000441,Used Shoes - 000441,Tools,373000
P000442,Rustic Frozen Car - 000442,Automotive,328000
P000443,Shoes - 000443,Computers,208000
P000444,Chair - 000444,Industrial,488000
P000445,Concrete Soap - 000445,Music,401000
P000446,Handcrafted Granite Pizza - 000446,Toys,121000
P000447,Ergonomic Fresh Cheese - 000447,Electronics,487000
P000448,Granite Soap - 000448,Baby,348000
P000449,Concrete Computer - 000449,Shoes,391000
P000450,Frozen Hat - 000450,Tools,188000
P000451,Small Keyboard - 000451,Clothing,128000
P000452,New Hat - 000452,Tools,266000
P000453,Refined Plastic Pants - 000453,Outdoors,397000
P000454,Unbranded Plastic Sausages - 000454,Games,147000
P000455,Computer - 000455,Baby,70000
P000456,Generic Salad - 000456,Beauty,45000
P000457,Soft Computer - 000457,Grocery,364000
P000458,Frozen Shirt - 000458,Computers,457000
P000459,Tasty Plastic Shoes - 000459,Games,407000
P000460,Practical Mouse - 000460,Books,103000
P000461,Fish - 000461,Baby,185000
P000462,Gorgeous Fish - 000462,Music,412000
P000463,Shirt - 000463,Shoes,34000
P000464,Wooden Towels - 000464,Electronics,211000
P000465,For repair Wooden Table - 000465,Baby,498000
P000466,Salad - 000466,Electronics,239000
P000467,Fish - 000467,Computers,450000
P000468,Licensed Mouse - 000468,Movies,394000
P000469,Tasty Keyboard - 000469,Grocery,426000
P000470,Generic Bike - 000470,Beauty,85000
P000471,Chicken - 000471,Tools,486000
P000472,Pizza - 000472,Electronics,101000
P000473,Shirt - 000473,Music,321000
P000474,Incredible Fresh Pizza - 000474,Sports,258000
P000475,Used Fresh Bike - 000475,Health,79000
P000476,Ergonomic Steel Cheese - 000476,Music,432000
P000477,Cotton Pizza - 000477,Automotive,24000
P000478,Cheese - 000478,Automotive,108000
P000479,For repair Tuna - 000479,Grocery,16000
P000480,Unbranded Plastic Shirt - 000480,Industrial,329000
P000481,Shirt - 000481,Movies,208000
P000482,Licensed Soap - 000482,Baby,81000
P000483,Concrete Table - 000483,Health,105000
P000484,Granite Sausages - 000484,Toys,442000
P000485,Shoes - 000485,Games,67000
P000486,Refined Wooden Gloves - 000486,Tools,164000
P000487,Gorgeous Wooden Gloves - 000487,Movies,231000
P000488,Used Rubber Hat - 000488,Garden,149000
P000489,Bike - 000489,Health,493000
P000490,Unbranded Bike - 000490,Baby,98000
P000491,Unbranded Shirt - 000491,Music,256000
P000492,Hat - 000492,Garden,484000
P000493,Handcrafted Steel Cheese - 000493,Movies,111000
P000494,Tuna - 000494,Industrial,145000
P000495,New Shirt - 000495,Games,241000
P000496,Sleek Mouse - 000496,Toys,221000
P000497,Steel Car - 000497,Sports,188000
P000498,Ball - 000498,Grocery,288000
P000499,Tasty Metal Hat - 000499,Jewelery,38000
P000500,Used Bacon - 000500,Electronics,144000
P000501,Handmade Keyboard - 000501,Health,500000
P000502,Plastic Shoes - 000502,Outdoors,286000
P000503,Tasty Steel Hat - 000503,Movies,261000
P000504,Generic Metal Mouse - 000504,Shoes,20000
P000505,Soft Mouse - 000505,Electronics,234000
P000506,Bacon - 000506,Toys,168000
P000507,Fresh Chips - 000507,Health,316000
P000508,New Chicken - 000508,Sports,260000
P000509,Small Tuna - 000509,Health,154000
P000510,Licensed Keyboard - 000510,Grocery,345000
P000511,Steel Chips - 000511,Outdoors,408000
P000512,Fresh Pants - 000512,Sports,243000
P000513,Fresh Chips - 000513,Clothing,117000
P000514,Chicken - 000514,Toys,88000
P000515,Steel Salad - 000515,Sports,76000
P000516,Intelligent Plastic Sausages - 000516,Books,486000
P000517,Licensed Table - 000517,Kids,226000
P000518,Ball - 000518,Outdoors,354000
P000519,Ergonomic Concrete Tuna - 000519,Shoes,472000
P000520,Frozen Fish - 000520,Clothing,107000
P000521,Generic Concrete Hat - 000521,Baby,270000
P000522,Generic Soft Fish - 000522,Beauty,468000
P000523,Cotton Chips - 000523,Outdoors,347000
P000524,Practical Ball - 000524,Jewelery,248000
P000525,Awesome Gloves - 000525,Home,153000
P000526,Granite Sausages - 000526,Clothing,354000
P000527,Fish - 000527,Games,179000
P000528,New Rubber Salad - 000528,Toys,294000
P000529,Gorgeous Cotton Shoes - 000529,Movies,420000
P000530,Rustic Granite Sausages - 000530,Baby,148000
P000531,Unbranded Pants - 000531,Home,336000
P000532,Sleek Fish - 000532,Tools,424000
P000533,Fresh Keyboard - 000533,Garden,71000
P000534,Car - 000534,Automotive,125000
P000535,Intelligent Car - 000535,Health,120000
P000536,Intelligent Frozen Tuna - 000536,Electronics,368000
P000537,Rubber Fish - 000537,Automotive,3000
P000538,Tuna - 000538,Home,479000
P000539,Generic Shirt - 000539,Automotive,388000
P000540,For repair Fresh Computer - 000540,Garden,31000
P000541,Concrete Chips - 000541,Kids,274000
P000542,Bike - 000542,Clothing,452000
P000543,Awesome Steel Chips - 000543,Books,96000
P000544,Wooden Cheese - 000544,Health,153000
P000545,Soft Soap - 000545,Shoes,146000
P000546,Tasty Metal Mouse - 000546,Tools,253000
P000547,Generic Keyboard - 000547,Baby,99000
P000548,Steel Pants - 000548,Health,332000
P000549,Gently Used Frozen Shirt - 000549,Home,405000
P000550,For repair Rubber Bacon - 000550,Kids,90000
P000551,Rubber Table - 000551,Industrial,264000
P000552,Metal Bike - 000552,Health,49000
P000553,Small Gloves - 000553,Toys,480000
P000554,Granite Soap - 000554,Grocery,121000
P000555,Chips - 000555,Tools,299000
P000556,Practical Shoes - 000556,Industrial,335000
P000557,Soap - 000557,Toys,61000
P000558,Chicken - 000558,Automotive,352000
P000559,Fresh Shirt - 000559,Garden,470000
P000560,Concrete Mouse - 000560,Baby,113000
P000561,Bacon - 000561,Jewelery,383000
P000562,New Frozen Tuna - 000562,Home,468000
P000563,Used Wooden Gloves - 000563,Shoes,391000
P000564,Chicken - 000564,Sports,229000
P000565,New Soft Car - 000565,Home,58000
P000566,Gorgeous Fish - 000566,Health,294000
P000567,Refined Chicken - 000567,Industrial,438000
P000568,Gently Used Metal Sausages - 000568,Music,106000
P000569,Refined Chicken - 000569,Baby,461000
P000570,Chicken - 000570,Sports,68000
P000571,Fish - 000571,Grocery,30000
P000572,Handmade Cotton Chair - 000572,Books,371000
P000573,Ball - 000573,Movies,382000
P000574,Soft Shoes - 000574,Movies,217000
P000575,Unbranded Steel Computer - 000575,Grocery,479000
P000576,Gorgeous Bike - 000576,Automotive,210000
P000577,Handcrafted Rubber Towels - 000577,Baby,494000
P000578,Hat - 000578,Industrial,446000
P000579,Salad - 000579,Automotive,494000
P000580,Shoes - 000580,Jewelery,441000
P000581,Gorgeous Plastic Chicken - 000581,Books,202000
P000582,Chair - 000582,Industrial,388000
P000583,Licensed Fish - 000583,Toys,369000
P000584,Practical Gloves - 000584,Beauty,422000
P000585,Fantastic Pants - 000585,Movies,80000
P000586,Licensed Fresh Salad - 000586,Books,415000
P000587,Rustic Ball - 000587,Outdoors,124000
P000588,Used Soap - 000588,Movies,18000
P000589,Chips - 000589,Baby,126000
P000590,Fantastic Steel Fish - 000590,Electronics,120000
P000591,Practical Shirt - 000591,Health,258000
P000592,Generic Bacon - 000592,Grocery,296000
P000593,Tasty Mouse - 000593,Kids,449000
P000594,Pants - 000594,Sports,154000
P000595,Chips - 000595,Industrial,451000
P000596,Fish - 000596,Beauty,219000
P000597,Soft Pizza - 000597,Health,483000
P000598,Towels - 000598,Grocery,357000
P000599,Bike - 000599,Garden,193000
P000600,Awesome Concrete Gloves - 000600,Baby,435000
P000601,Rubber Car - 000601,Kids,469000
P000602,Rubber Chicken - 000602,Garden,286000
P000603,Frozen Ball - 000603,Music,131000
P000604,Handcrafted Wooden Soap - 000604,Jewelery,473000
P000605,Ball - 000605,Toys,371000
P000606,Bacon - 000606,Music,345000
P000607,Cheese - 000607,Clothing,97000
P000608,Awesome Steel Table - 000608,Home,107000
P000609,Intelligent Metal Ball - 000609,Garden,480000
P000610,Rubber Bacon - 000610,Garden,357000
P000611,Awesome Rubber Table - 000611,Baby,283000
P000612,Handcrafted Pizza - 000612,Tools,274000
P000613,Chicken - 000613,Games,185000
P000614,Unbranded Chips - 000614,Home,412000
P000615,Licensed Table - 000615,Sports,190000
P000616,Gorgeous Steel Gloves - 000616,Tools,443000
P000617,Gently Used Rubber Cheese - 000617,Grocery,284000
P000618,Generic Plastic Ball - 000618,Toys,79000
P000619,Unbranded Gloves - 000619,Automotive,292000
P000620,Generic Cotton Salad - 000620,Clothing,484000
P000621,For repair Chips - 000621,Baby,495000
P000622,Handcrafted Concrete Chips - 000622,Electronics,87000
P000623,Concrete Fish - 000623,Jewelery,369000
P000624,Car - 000624,Music,329000
P000625,Ergonomic Salad - 000625,Kids,484000
P000626,Practical Pizza - 000626,Electronics,71000
P000627,Ball - 000627,Beauty,5000
P000628,Bacon - 000628,Outdoors,31000
P000629,Unbranded Steel Tuna - 000629,Books,468000
P000630,Licensed Fish - 000630,Books,273000
P000631,Sleek Soft Chips - 000631,Grocery,272000
P000632,Licensed Concrete Chicken - 000632,Games,9000
P000633,Tasty Concrete Keyboard - 000633,Garden,471000
P000634,Bacon - 000634,Beauty,99000
P000635,Rustic Hat - 000635,Toys,137000
P000636,Practical Cheese - 000636,Grocery,236000
P000637,For repair Computer - 000637,Movies,351000
P000638,Handmade Hat - 000638,Jewelery,48000
P000639,Steel Car - 000639,Computers,244000
P000640,Frozen Tuna - 000640,Health,43000
P000641,Tasty Steel Keyboard - 000641,Garden,290000
P000642,Metal Sausages - 000642,Tools,109000
P000643,Computer - 000643,Sports,24000
P000644,Car - 000644,Books,337000
P000645,Gently Used Concrete Ball - 000645,Toys,493000
P000646,Awesome Concrete Computer - 000646,Sports,476000
P000647,Frozen Cheese - 000647,Jewelery,124000
P000648,Wooden Hat - 000648,Shoes,170000
P000649,Wooden Shoes - 000649,Kids,382000
P000650,Generic Computer - 000650,Outdoors,119000
P000651,Bacon - 000651,Books,489000
P000652,Pants - 000652,Garden,325000
P000653,Rubber Fish - 000653,Computers,183000
P000654,Cheese - 000654,Outdoors,349000
P000655,Wooden Gloves - 000655,Tools,152000
P000656,For repair Hat - 000656,Toys,79000
P000657,Intelligent Wooden Shoes - 000657,Books,163000
P000658,Shirt - 000658,Tools,483000
P000659,Mouse - 000659,Kids,53000
P000660,New Soft Fish - 000660,Kids,230000
P000661,Chair - 000661,Jewelery,53000
P000662,Used Granite Bacon - 000662,Toys,48000
P000663,Licensed Rubber Shirt - 000663,Music,7000
P000664,Fresh Fish - 000664,Shoes,372000
P000665,Handmade Salad - 000665,Electronics,87000
P000666,Metal Shirt - 000666,Electronics,138000
P000667,Licensed Bike - 000667,Kids,33000
P000668,Granite Tuna - 000668,Tools,154000
P000669,Gloves - 000669,Outdoors,484000
P000670,Refined Wooden Ball - 000670,Electronics,316000
P000671,Granite Chair - 000671,Outdoors,156000
P000672,Table - 000672,Kids,195000
P000673,Pizza - 000673,Grocery,418000
P000674,Bacon - 000674,Health,165000
P000675,Generic Hat - 000675,Automotive,91000
P000676,Practical Granite Cheese - 000676,Toys,252000
P000677,Handcrafted Wooden Hat - 000677,Sports,144000
P000678,New Concrete Cheese - 000678,Industrial,103000
P000679,Small Fish - 000679,Home,394000
P000680,Rustic Rubber Shirt - 000680,Industrial,225000
P000681,Cotton Mouse - 000681,Garden,256000
P000682,Rubber Salad - 000682,Toys,130000
P000683,Soap - 000683,Sports,38000
P000684,Tasty Rubber Fish - 000684,Jewelery,206000
P000685,New Fresh Shoes - 000685,Automotive,19000
P000686,Intelligent Computer - 000686,Industrial,469000
P000687,Incredible Frozen Shoes - 000687,Outdoors,341000
P000688,For repair Cheese - 000688,Automotive,23000
P000689,Licensed Wooden Table - 000689,Books,205000
P000690,Practical Pants - 000690,Shoes,51000
P000691,Plastic Cheese - 000691,Baby,286000
P000692,Refined Frozen Hat - 000692,Sports,192000
P000693,Chicken - 000693,Books,354000
P000694,Awesome Keyboard - 000694,Music,248000
P000695,Gorgeous Granite Chips - 000695,Grocery,60000
P000696,Soap - 000696,Clothing,176000
P000697,Metal Tuna - 000697,Baby,179000
P000698,Steel Computer - 000698,Games,164000
P000699,Table - 000699,Industrial,12000
P000700,Practical Soft Bike - 000700,Computers,410000
P000701,Generic Bike - 000701,Kids,283000
P000702,Rubber Soap - 000702,Automotive,491000
P000703,Bike - 000703,Kids,95000
P000704,Used Chair - 000704,Baby,203000
P000705,Handmade Towels - 000705,Home,304000
P000706,Fresh Pants - 000706,Games,106000
P000707,Fish - 000707,Health,410000
P000708,Intelligent Soap - 000708,Industrial,101000
P000709,Tuna - 000709,Health,442000
P000710,Used Rubber Hat - 000710,Sports,306000
P000711,Metal Shoes - 000711,Outdoors,59000
P000712,Fresh Salad - 000712,Sports,89000
P000713,Salad - 000713,Games,44000
P000714,Intelligent Concrete Shirt - 000714,Beauty,123000
P000715,Tasty Mouse - 000715,Kids,356000
P000716,Gently Used Mouse - 000716,Kids,306000
P000717,Soft Tuna - 000717,Automotive,96000
P000718,New Concrete Bike - 000718,Clothing,477000
P000719,Incredible Mouse - 000719,Baby,148000
P000720,Car - 000720,Clothing,318000
P000721,Handmade Ball - 000721,Shoes,70000
P000722,Licensed Tuna - 000722,Clothing,335000
P000723,Refined Sausages - 000723,Computers,213000
P000724,Small Plastic Cheese - 000724,Grocery,43000
P000725,Pants - 000725,Grocery,17000
P000726,Metal Soap - 000726,Jewelery,87000
P000727,Gently Used Keyboard - 000727,Tools,262000
P000728,Fish - 000728,Movies,397000
P000729,Refined Chips - 000729,Home,390000
P000730,For repair Keyboard - 000730,Grocery,218000
P000731,Car - 000731,Beauty,448000
P000732,Refined Computer - 000732,Garden,442000
P000733,Chips - 000733,Outdoors,108000
P000734,Incredible Towels - 000734,Electronics,324000
P000735,Ball - 000735,Sports,402000
P000736,Fish - 000736,Jewelery,180000
P000737,Awesome Cotton Table - 000737,Sports,87000
P000738,Chicken - 000738,Kids,137000
P000739,Sleek Car - 000739,Electronics,471000
P000740,Concrete Mouse - 000740,Health,360000
P000741,Gloves - 000741,Electronics,425000
P000742,Pizza - 000742,Kids,296000
P000743,Soap - 000743,Music,193000
P000744,Sleek Granite Chicken - 000744,Baby,207000
P000745,Generic Fresh Tuna - 000745,Books,487000
P000746,Rustic Chips - 000746,Automotive,445000
P000747,Handcrafted Wooden Sausages - 000747,Jewelery,341000
P000748,Plastic Ball - 000748,Clothing,204000
P000749,Awesome Table - 000749,Jewelery,138000
P000750,Metal Mouse - 000750,Health,296000
P000751,Ergonomic Steel Salad - 000751,Games,458000
P000752,Small Soap - 000752,Computers,321000
P000753,Rubber Soap - 000753,Home,226000
P000754,For repair Mouse - 000754,Computers,353000
P000755,Frozen Pants - 000755,Beauty,448000
P000756,Frozen Computer - 000756,Automotive,129000
P000757,Car - 000757,Grocery,85000
P000758,Practical Sausages - 000758,Automotive,372000
P000759,Sausages - 000759,Home,47000
P000760,Gorgeous Fresh Computer - 000760,Garden,245000
P000761,Steel Salad - 000761,Books,266000
P000762,Table - 000762,Electronics,357000
P000763,Rubber Computer - 000763,Music,245000
P000764,Intelligent Granite Keyboard - 000764,Beauty,375000
P000765,Shirt - 000765,Electronics,452000
P000766,Salad - 000766,Shoes,329000
P000767,Used Frozen Chair - 000767,Computers,289000
P000768,Frozen Shoes - 000768,Electronics,226000
P000769,Used Frozen Towels - 000769,Baby,471000
P000770,Wooden Ball - 000770,Electronics,441000
P000771,Gently Used Rubber Keyboard - 000771,Beauty,386000
P000772,Towels - 000772,Garden,494000
P000773,Rustic Pizza - 000773,Jewelery,142000
P000774,Cotton Bacon - 000774,Books,308000
P000775,Awesome Plastic Salad - 000775,Shoes,435000
P000776,Rubber Chicken - 000776,Grocery,311000
P000777,Car - 000777,Toys,331000
P000778,Unbranded Gloves - 000778,Outdoors,58000
P000779,Small Granite Chicken - 000779,Health,37000
P000780,Gently Used Rubber Hat - 000780,Beauty,68000
P000781,Incredible Salad - 000781,Music,280000
P000782,Steel Cheese - 000782,Tools,9000
P000783,Rubber Car - 000783,Shoes,111000
P000784,Tasty Rubber Pizza - 000784,Kids,147000
P000785,Hat - 000785,Jewelery,360000
P000786,Gorgeous Bacon - 000786,Music,276000
P000787,Plastic Computer - 000787,Electronics,159000
P000788,Fresh Table - 000788,Automotive,275000
P000789,For repair Wooden Pizza - 000789,Grocery,391000
P000790,Practical Steel Towels - 000790,Garden,358000
P000791,Intelligent Metal Towels - 000791,Outdoors,45000
P000792,Awesome Frozen Car - 000792,Industrial,312000
P000793,Intelligent Bike - 000793,Electronics,380000
P000794,Incredible Chair - 000794,Beauty,360000
P000795,Sleek Concrete Chicken - 000795,Beauty,268000
P000796,Sleek Wooden Chips - 000796,Books,65000
P000797,Sleek Towels - 000797,Music,172000
P000798,Frozen Sausages - 000798,Music,135000
P000799,Tasty Soap - 000799,Movies,255000
P000800,Granite Cheese - 000800,Computers,256000
P000801,Frozen Keyboard - 000801,Games,131000
P000802,Chips - 000802,Movies,117000
P000803,Practical Steel Chair - 000803,Clothing,440000
P000804,Concrete Hat - 000804,Movies,187000
P000805,Sausages - 000805,Garden,284000
P000806,Gloves - 000806,Tools,165000
P000807,Gently Used Computer - 000807,Games,423000
P000808,Ergonomic Salad - 000808,Garden,258000
P000809,Chicken - 000809,Music,412000
P000810,Awesome Soap - 000810,Health,450000
P000811,Refined Steel Fish - 000811,Beauty,45000
P000812,Gently Used Shirt - 000812,Outdoors,103000
P000813,Soap - 000813,Clothing,125000
P000814,New Plastic Ball - 000814,Electronics,396000
P000815,Plastic Towels - 000815,Jewelery,4000
P000816,Granite Pizza - 000816,Books,178000
P000817,Cotton Salad - 000817,Games,389000
P000818,Practical Rubber Chicken - 000818,Clothing,106000
P000819,Car - 000819,Music,493000
P000820,Rubber Gloves - 000820,Beauty,23000
P000821,Fresh Chips - 000821,Games,235000
P000822,For repair Mouse - 000822,Music,259000
P000823,Rubber Cheese - 000823,Industrial,304000
P000824,Practical Cotton Mouse - 000824,Tools,494000
P000825,Handmade Table - 000825,Health,436000
P000826,Pants - 000826,Home,232000
P000827,Concrete Cheese - 000827,Games,70000
P000828,Granite Soap - 000828,Kids,85000
P000829,Plastic Fish - 000829,Baby,62000
P000830,Wooden Soap - 000830,Music,158000
P000831,Salad - 000831,Movies,81000
P000832,Wooden Table - 000832,Garden,111000
P000833,Handmade Soft Shoes - 000833,Movies,496000
P000834,Sleek Shirt - 000834,Books,347000
P000835,Hat - 000835,Jewelery,488000
P000836,Refined Wooden Keyboard - 000836,Electronics,128000
P000837,Ergonomic Plastic Chair - 000837,Electronics,63000
P000838,Handcrafted Frozen Hat - 000838,Automotive,102000
P000839,Rustic Pizza - 000839,Sports,481000
P000840,Small Wooden Computer - 000840,Home,133000
P000841,Refined Concrete Pizza - 000841,Music,463000
P000842,Steel Table - 000842,Baby,464000
P000843,Gently Used Bike - 000843,Toys,26000
P000844,Chair - 000844,Kids,255000
P000845,Shoes - 000845,Tools,89000
P000846,Gorgeous Steel Soap - 000846,Outdoors,144000
P000847,Bacon - 000847,Grocery,318000
P000848,New Metal Towels - 000848,Movies,256000
P000849,Handmade Concrete Pants - 000849,Kids,45000
P000850,Plastic Pizza - 000850,Automotive,103000
P000851,Small Fish - 000851,Beauty,411000
P000852,Fish - 000852,Sports,246000
P000853,Handmade Table - 000853,Computers,258000
P000854,Used Plastic Table - 000854,Books,14000
P000855,Metal Pants - 000855,Shoes,459000
P000856,Cheese - 000856,Games,184000
P000857,Cotton Salad - 000857,Jewelery,127000
P000858,Plastic Chips - 000858,Sports,418000
P000859,Hat - 000859,Computers,434000
P000860,Cheese - 000860,Sports,122000
P000861,Sausages - 000861,Sports,15000
P000862,Fantastic Cheese - 000862,Jewelery,73000
P000863,Steel Bike - 000863,Music,159000
P000864,Used Gloves - 000864,Books,29000
P000865,Granite Tuna - 000865,Outdoors,270000
P000866,Mouse - 000866,Health,104000
P000867,Fresh Chair - 000867,Electronics,31000
P000868,Granite Keyboard - 000868,Music,397000
P000869,Handmade Fresh Sausages - 000869,Games,192000
P000870,Shirt - 000870,Computers,173000
P000871,Towels - 000871,Automotive,375000
P000872,New Bike - 000872,Beauty,163000
P000873,Concrete Salad - 000873,Toys,115000
P000874,Awesome Chips - 000874,Computers,158000
P000875,Gently Used Rubber Chair - 000875,Sports,374000
P000876,Used Bike - 000876,Outdoors,17000
P000877,Gently Used Pizza - 000877,Clothing,114000
P000878,Plastic Table - 000878,Beauty,73000
P000879,Bike - 000879,Industrial,164000
P000880,Metal Chips - 000880,Books,328000
P000881,Practical Ball - 000881,Beauty,136000
P000882,Small Steel Keyboard - 000882,Toys,132000
P000883,Licensed Concrete Chips - 000883,Kids,225000
P000884,Handcrafted Hat - 000884,Toys,253000
P000885,Gently Used Frozen Tuna - 000885,Industrial,52000
P000886,Bike - 000886,Movies,116000
P000887,Chair - 000887,Games,151000
P000888,Incredible Table - 000888,Computers,38000
P000889,New Wooden Computer - 000889,Health,375000
P000890,Bacon - 000890,Kids,305000
P000891,Pizza - 000891,Kids,483000
P000892,Intelligent Car - 000892,Home,81000
P000893,Soft Ball - 000893,Jewelery,499000
P000894,Awesome Cotton Salad - 000894,Garden,136000
P000895,Car - 000895,Jewelery,50000
P000896,Tuna - 000896,Beauty,431000
P000897,Rustic Towels - 000897,Industrial,2000
P000898,Unbranded Plastic Bacon - 000898,Games,321000
P000899,Incredible Ball - 000899,Grocery,14000
P000900,Cotton Tuna - 000900,Toys,42000
P000901,Sleek Wooden Tuna - 000901,Automotive,242000
P000902,Granite Hat - 000902,Toys,279000
P000903,Refined Bike - 000903,Tools,190000
P000904,Sleek Plastic Soap - 000904,Tools,226000
P000905,Frozen Car - 000905,Games,289000
P000906,Salad - 000906,Kids,44000
P000907,Practical Soft Cheese - 000907,Movies,498000
P000908,Tasty Rubber Hat - 000908,Jewelery,431000
P000909,Gently Used Tuna - 000909,Clothing,352000
P000910,Computer - 000910,Shoes,154000
P000911,Gently Used Chicken - 000911,Outdoors,293000
P000912,Refined Keyboard - 000912,Computers,76000
P000913,Fantastic Concrete Ball - 000913,Movies,498000
P000914,Computer - 000914,Automotive,217000
P000915,Granite Bacon - 000915,Music,76000
P000916,Hat - 000916,Jewelery,45000
P000917,Metal Pants - 000917,Books,167000
P000918,Sausages - 000918,Shoes,403000
P000919,Intelligent Rubber Towels - 000919,Electronics,401000
P000920,Gently Used Cheese - 000920,Games,76000
P000921,Gently Used Wooden Keyboard - 000921,Grocery,474000
P000922,Rubber Fish - 000922,Tools,445000
P000923,Unbranded Pizza - 000923,Outdoors,197000
P000924,Incredible Cotton Car - 000924,Toys,243000
P000925,Used Bacon - 000925,Toys,74000
P000926,Hat - 000926,Movies,20000
P000927,Granite Tuna - 000927,Books,382000
P000928,Awesome Shirt - 000928,Clothing,173000
P000929,Intelligent Plastic Sausages - 000929,Electronics,440000
P000930,Refined Granite Chips - 000930,Tools,154000
P000931,Used Towels - 000931,Music,374000
P000932,Fantastic Soap - 000932,Clothing,97000
P000933,Handcrafted Chicken - 000933,Shoes,389000
P000934,Bike - 000934,Shoes,406000
P000935,Tasty Fresh Mouse - 000935,Books,207000
P000936,Fantastic Steel Ball - 000936,Garden,89000
P000937,Soap - 000937,Home,17000
P000938,Shoes - 000938,Toys,141000
P000939,Plastic Keyboard - 000939,Beauty,326000
P000940,Refined Bacon - 000940,Clothing,251000
P000941,Granite Fish - 000941,Computers,301000
P000942,Pants - 000942,Books,429000
P000943,Incredible Car - 000943,Home,198000
P000944,Gloves - 000944,Industrial,439000
P000945,Rubber Pants - 000945,Shoes,106000
P000946,Metal Salad - 000946,Electronics,11000
P000947,Used Steel Bike - 000947,Garden,332000
P000948,Bacon - 000948,Tools,130000
P000949,Metal Hat - 000949,Tools,217000
P000950,Awesome Soap - 000950,Shoes,112000
P000951,Handmade Fresh Bacon - 000951,Games,423000
P000952,Chicken - 000952,Automotive,4000
P000953,Cotton Bacon - 000953,Industrial,305000
P000954,Rustic Tuna - 000954,Tools,56000
P000955,Sleek Table - 000955,Automotive,328000
P000956,Pizza - 000956,Electronics,365000
P000957,Fresh Gloves - 000957,Toys,265000
P000958,Steel Table - 000958,Automotive,339000
P000959,Shirt - 000959,Toys,255000
P000960,Chips - 000960,Sports,199000
P000961,Plastic Ball - 000961,Industrial,418000
P000962,Pizza - 000962,Beauty,274000
P000963,Shirt - 000963,Jewelery,260000
P000964,Shirt - 000964,Electronics,93000
P000965,Concrete Pants - 000965,Industrial,380000
P000966,For repair Wooden Table - 000966,Garden,461000
P000967,Rubber Gloves - 000967,Health,182000
P000968,Cotton Pants - 000968,Baby,191000
P000969,Unbranded Steel Keyboard - 000969,Automotive,436000
P000970,Wooden Cheese - 000970,Clothing,299000
P000971,Tasty Wooden Ball - 000971,Industrial,456000
P000972,Chicken - 000972,Movies,196000
P000973,Mouse - 000973,Health,446000
P000974,Cheese - 000974,Health,210000
P000975,Incredible Wooden Sausages - 000975,Clothing,442000
P000976,Pizza - 000976,Automotive,171000
P000977,Chair - 000977,Home,30000
P000978,Concrete Bike - 000978,Clothing,390000
P000979,Computer - 000979,Kids,403000
P000980,Rubber Towels - 000980,Clothing,325000
P000981,Ergonomic Soft Chair - 000981,Home,197000
P000982,Shoes - 000982,Shoes,375000
P000983,Small Frozen Chair - 000983,Garden,98000
P000984,Handcrafted Cotton Sausages - 000984,Electronics,116000
P000985,Tasty Hat - 000985,Grocery,53000
P000986,Ergonomic Computer - 000986,Grocery,86000
P000987,Chips - 000987,Shoes,234000
P000988,Granite Towels - 000988,Clothing,173000
P000989,Incredible Rubber Ball - 000989,Books,184000
P000990,Gloves - 000990,Books,117000
P000991,Chicken - 000991,Beauty,302000
P000992,Rubber Pizza - 000992,Automotive,365000
P000993,Used Fish - 000993,Outdoors,131000
P000994,Frozen Salad - 000994,Books,25000
P000995,Sausages - 000995,Baby,25000
P000996,New Keyboard - 000996,Clothing,195000
P000997,Frozen Mouse - 000997,Automotive,360000
P000998,Licensed Shirt - 000998,Games,5000
P000999,Chicken - 000999,Outdoors,340000
P001000,Licensed Mouse - 001000,Shoes,359000
