transaction_id,customer_id,transaction_date,total_amount
T000001,C000655,2023-08-17,615000
T000002,C000026,2024-07-17,1403000
T000003,C000251,2024-04-02,1484000
T000004,C000143,2023-07-29,350000
T000005,C000693,2023-06-28,2309000
T000006,C000605,2025-05-14,3498000
T000007,C000033,2023-03-03,116000
T000008,C000096,2024-03-23,1769000
T000009,C000239,2025-10-31,1224000
T000010,C000617,2023-02-24,5947000
T000011,C000575,2024-02-12,2192000
T000012,C000734,2025-05-09,604000
T000013,C000226,2025-07-08,1622000
T000014,C000604,2024-07-23,4412000
T000015,C000829,2023-01-14,658000
T000016,C000778,2023-11-23,4557000
T000017,C000715,2025-05-15,1400000
T000018,C000349,2024-07-23,1366000
T000019,C000160,2024-03-16,1097000
T000020,C000981,2024-11-20,2662000
T000021,C000105,2023-07-09,4206000
T000022,C000390,2023-07-18,132000
T000023,C000368,2024-12-05,971000
T000024,C000619,2024-06-25,92000
T000025,C000827,2023-03-30,2790000
T000026,C000748,2025-07-29,1760000
T000027,C000550,2023-09-13,1734000
T000028,C000997,2025-02-14,728000
T000029,C000081,2024-08-23,3840000
T000030,C000850,2025-01-10,2149000
T000031,C000592,2024-01-29,2005000
T000032,C000722,2023-05-23,1520000
T000033,C000047,2024-04-11,185000
T000034,C000792,2024-08-15,2800000
T000035,C000082,2024-04-21,3116000
T000036,C000888,2023-07-26,1448000
T000037,C000390,2024-07-23,1491000
T000038,C000465,2025-01-17,1995000
T000039,C000167,2025-01-28,1477000
T000040,C000364,2024-03-05,358000
T000041,C000687,2024-06-30,3661000
T000042,C000719,2023-05-27,1768000
T000043,C000624,2023-12-17,1921000
T000044,C000547,2024-05-16,1180000
T000045,C000168,2025-08-04,4899000
T000046,C000389,2024-07-06,490000
T000047,C000948,2024-03-25,131000
T000048,C000702,2024-10-26,2076000
T000049,C000864,2023-04-25,748000
T000050,C000235,2023-03-07,3694000
T000051,C000825,2024-10-08,1928000
T000052,C000411,2024-07-02,1559000
T000053,C000068,2024-03-08,246000
T000054,C000936,2024-10-06,756000
T000055,C000218,2025-10-19,3574000
T000056,C000406,2025-07-28,4802000
T000057,C000147,2024-06-26,1447000
T000058,C000143,2024-05-20,3212000
T000059,C000763,2024-06-22,3035000
T000060,C000765,2025-05-27,3243000
T000061,C000920,2025-03-28,1018000
T000062,C000371,2024-03-25,5681000
T000063,C000142,2025-11-09,451000
T000064,C000506,2023-07-06,918000
T000065,C000774,2023-04-07,1282000
T000066,C000882,2023-08-13,4609000
T000067,C000157,2023-11-24,1925000
T000068,C000812,2025-05-14,1984000
T000069,C000611,2023-05-11,2322000
T000070,C000395,2025-02-20,1137000
T000071,C000611,2025-08-16,2255000
T000072,C000542,2024-05-29,2663000
T000073,C000995,2023-01-24,1433000
T000074,C000697,2023-08-23,1433000
T000075,C000699,2024-06-30,3267000
T000076,C000788,2024-11-27,1014000
T000077,C000115,2024-08-24,1439000
T000078,C000446,2023-11-20,1132000
T000079,C000465,2023-01-07,2429000
T000080,C000977,2024-06-23,115000
T000081,C000996,2025-10-22,1294000
T000082,C000781,2024-01-01,1616000
T000083,C000520,2023-08-06,3192000
T000084,C000892,2024-09-03,1400000
T000085,C000862,2025-11-05,3113000
T000086,C000624,2024-02-12,3715000
T000087,C000157,2025-02-04,255000
T000088,C000781,2023-11-27,3700000
T000089,C000553,2025-12-22,62000
T000090,C000941,2023-01-02,2589000
T000091,C000614,2024-10-25,916000
T000092,C000501,2023-02-09,3258000
T000093,C000115,2025-01-13,60000
T000094,C000900,2024-09-21,788000
T000095,C000246,2023-04-29,4925000
T000096,C000247,2023-06-11,5546000
T000097,C000088,2025-09-22,960000
T000098,C000836,2023-05-22,919000
T000099,C000779,2025-12-26,509000
T000100,C000785,2023-09-15,730000
T000101,C000132,2025-08-31,1288000
T000102,C000970,2023-12-05,643000
T000103,C000272,2025-12-16,4853000
T000104,C000894,2025-05-16,1383000
T000105,C000988,2024-03-09,4121000
T000106,C000952,2024-02-16,3001000
T000107,C000731,2024-09-30,1308000
T000108,C000409,2025-02-03,3957000
T000109,C000449,2025-11-25,1589000
T000110,C000463,2023-09-05,1541000
T000111,C000254,2024-04-05,3116000
T000112,C000066,2024-11-23,1616000
T000113,C000022,2024-04-16,892000
T000114,C000603,2024-03-27,1452000
T000115,C000008,2023-05-26,753000
T000116,C000725,2023-05-01,360000
T000117,C000235,2023-05-19,669000
T000118,C000928,2023-03-06,4277000
T000119,C000881,2024-11-07,2591000
T000120,C000073,2025-11-18,4326000
T000121,C000244,2024-07-24,1416000
T000122,C000686,2025-09-21,692000
T000123,C000220,2023-09-28,3998000
T000124,C000741,2025-08-26,4549000
T000125,C000249,2025-08-26,879000
T000126,C000827,2025-04-13,4515000
T000127,C000195,2023-07-13,2322000
T000128,C000100,2025-06-01,2843000
T000129,C000363,2025-05-17,5329000
T000130,C000421,2025-08-14,2035000
T000131,C000885,2023-04-21,4852000
T000132,C000690,2023-07-21,3374000
T000133,C000063,2025-04-04,2003000
T000134,C000746,2024-11-25,1330000
T000135,C000820,2023-08-12,1104000
T000136,C000255,2024-01-28,3724000
T000137,C000195,2025-07-07,750000
T000138,C000144,2025-05-14,1314000
T000139,C000188,2024-07-24,1701000
T000140,C000474,2024-05-26,54000
T000141,C000896,2023-06-04,1649000
T000142,C000454,2023-07-20,1264000
T000143,C000052,2023-01-31,258000
T000144,C000993,2023-07-11,2243000
T000145,C000949,2024-04-29,221000
T000146,C000171,2025-04-12,6142000
T000147,C000498,2025-09-12,1884000
T000148,C000219,2025-04-01,2779000
T000149,C000925,2023-05-01,796000
T000150,C000169,2025-02-15,496000
T000151,C000003,2025-03-10,1624000
T000152,C000272,2025-07-20,3548000
T000153,C000293,2025-05-16,1247000
T000154,C000714,2025-09-23,4226000
T000155,C000159,2024-01-24,1788000
T000156,C000304,2024-03-21,1172000
T000157,C000992,2023-04-30,1639000
T000158,C000594,2023-05-05,3213000
T000159,C000766,2024-10-04,4462000
T000160,C000059,2023-04-13,727000
T000161,C000599,2025-09-03,3159000
T000162,C000515,2025-12-23,855000
T000163,C000162,2023-04-27,1789000
T000164,C000984,2025-11-06,3605000
T000165,C000083,2024-01-16,1939000
T000166,C000071,2023-05-20,2435000
T000167,C000692,2024-04-26,1015000
T000168,C000414,2023-09-03,321000
T000169,C000965,2024-05-19,3049000
T000170,C000593,2023-03-23,1974000
T000171,C000635,2023-06-17,4957000
T000172,C000430,2025-12-06,1539000
T000173,C000324,2024-06-18,2860000
T000174,C000210,2024-10-05,3597000
T000175,C000245,2024-06-27,2054000
T000176,C000406,2023-09-26,1232000
T000177,C000688,2024-09-06,2923000
T000178,C000469,2024-10-09,3430000
T000179,C000952,2023-05-29,767000
T000180,C000010,2025-07-27,2762000
T000181,C000637,2023-07-24,3519000
T000182,C000076,2024-03-12,938000
T000183,C000519,2024-06-27,401000
T000184,C000136,2024-12-15,140000
T000185,C000903,2023-05-21,282000
T000186,C000901,2024-05-15,3324000
T000187,C000379,2024-08-06,3950000
T000188,C000162,2025-06-16,2783000
T000189,C000854,2024-09-11,1896000
T000190,C000627,2025-12-19,1903000
T000191,C000009,2024-09-05,3805000
T000192,C000955,2023-08-01,2199000
T000193,C000962,2023-10-03,412000
T000194,C000271,2023-08-25,2717000
T000195,C000912,2023-08-08,3661000
T000196,C000761,2023-11-15,513000
T000197,C000279,2024-07-31,1800000
T000198,C000620,2024-03-07,462000
T000199,C000735,2024-12-03,675000
T000200,C000209,2024-06-24,2937000
T000201,C000518,2025-09-27,3120000
T000202,C000258,2023-04-15,329000
T000203,C000095,2025-05-17,752000
T000204,C000850,2024-07-20,2556000
T000205,C000046,2023-01-08,783000
T000206,C000342,2023-09-25,2578000
T000207,C000653,2024-06-20,1956000
T000208,C000166,2025-06-23,623000
T000209,C000565,2025-05-25,2518000
T000210,C000575,2023-01-20,6415000
T000211,C000115,2023-06-04,2880000
T000212,C000968,2023-11-02,1147000
T000213,C000559,2023-03-15,1511000
T000214,C000855,2025-01-26,1407000
T000215,C000597,2023-10-31,1151000
T000216,C000441,2023-09-19,4584000
T000217,C000043,2024-09-23,2305000
T000218,C000374,2023-03-23,144000
T000219,C000921,2025-01-02,343000
T000220,C000216,2024-05-26,2349000
T000221,C000683,2023-07-30,3594000
T000222,C000363,2025-04-12,3434000
T000223,C000998,2023-11-13,2172000
T000224,C000948,2024-04-29,2165000
T000225,C000886,2023-11-29,2216000
T000226,C001000,2023-12-29,5684000
T000227,C000903,2025-04-24,4441000
T000228,C000026,2024-01-03,980000
T000229,C000755,2024-11-11,2986000
T000230,C000802,2025-04-23,3544000
T000231,C000822,2024-05-23,1315000
T000232,C000274,2023-11-23,5793000
T000233,C000807,2023-08-10,1140000
T000234,C000392,2023-03-21,2891000
T000235,C000880,2025-08-21,3622000
T000236,C000228,2024-02-13,4227000
T000237,C000837,2025-07-31,1095000
T000238,C000359,2024-09-17,3347000
T000239,C000841,2024-04-11,465000
T000240,C000229,2023-02-18,2260000
T000241,C000676,2024-01-31,1806000
T000242,C000409,2024-11-03,1996000
T000243,C000286,2023-05-23,5125000
T000244,C000991,2024-07-25,3345000
T000245,C000360,2025-11-09,4048000
T000246,C000410,2024-11-09,1839000
T000247,C000962,2023-02-26,1182000
T000248,C000119,2024-06-18,2238000
T000249,C000183,2024-06-27,1443000
T000250,C000040,2023-08-11,1775000
T000251,C000611,2025-06-08,6404000
T000252,C000354,2024-10-04,3781000
T000253,C000447,2025-11-13,1997000
T000254,C000119,2025-02-27,2720000
T000255,C000922,2024-01-25,347000
T000256,C000261,2023-04-01,3403000
T000257,C000726,2025-06-12,810000
T000258,C000002,2025-11-30,5143000
T000259,C000948,2024-02-08,302000
T000260,C000373,2025-06-02,832000
T000261,C000072,2024-11-07,2308000
T000262,C000639,2024-10-04,1820000
T000263,C000680,2023-09-13,1815000
T000264,C000738,2024-09-07,4321000
T000265,C000520,2024-09-25,1476000
T000266,C000683,2025-04-16,2984000
T000267,C000335,2025-04-04,6944000
T000268,C000714,2024-08-28,1236000
T000269,C000568,2023-09-18,160000
T000270,C000197,2025-05-11,3164000
T000271,C000681,2025-02-15,1138000
T000272,C000694,2023-12-23,618000
T000273,C000631,2024-09-08,4310000
T000274,C000416,2023-01-01,2218000
T000275,C000312,2024-08-10,3042000
T000276,C000216,2025-05-30,2206000
T000277,C000805,2024-10-21,1814000
T000278,C000477,2025-06-23,5032000
T000279,C000453,2024-03-13,4388000
T000280,C000524,2025-08-27,4512000
T000281,C000813,2023-12-14,919000
T000282,C000675,2023-06-23,1961000
T000283,C000291,2025-11-21,3239000
T000284,C000680,2024-11-17,4554000
T000285,C000096,2024-04-26,1065000
T000286,C000689,2024-09-27,2405000
T000287,C000231,2024-02-12,1298000
T000288,C000151,2023-02-20,756000
T000289,C000048,2024-05-16,1084000
T000290,C000487,2023-05-30,4416000
T000291,C000467,2025-04-28,2751000
T000292,C000908,2024-02-03,2599000
T000293,C000736,2025-02-25,3751000
T000294,C000507,2025-03-29,1332000
T000295,C000250,2023-10-30,2725000
T000296,C000672,2023-01-12,3424000
T000297,C000915,2023-08-07,118000
T000298,C000798,2025-05-20,225000
T000299,C000225,2023-12-27,1523000
T000300,C000824,2025-11-26,1203000
T000301,C000476,2023-04-13,1215000
T000302,C000571,2024-05-25,2994000
T000303,C000940,2023-09-06,988000
T000304,C000468,2023-10-01,1609000
T000305,C000821,2025-08-09,1479000
T000306,C000684,2025-12-23,3808000
T000307,C000573,2024-10-11,2987000
T000308,C000973,2025-06-25,1706000
T000309,C000628,2025-10-30,2376000
T000310,C000437,2025-07-02,1510000
T000311,C000919,2023-11-22,1461000
T000312,C000762,2025-08-30,3279000
T000313,C000461,2024-06-14,632000
T000314,C000770,2024-05-21,5621000
T000315,C000861,2024-07-21,968000
T000316,C000785,2025-12-03,2778000
T000317,C000497,2024-05-04,279000
T000318,C000282,2025-06-19,706000
T000319,C000080,2024-08-08,1803000
T000320,C000241,2024-07-10,476000
T000321,C000344,2024-10-16,200000
T000322,C000915,2023-06-15,3217000
T000323,C000142,2023-11-05,3190000
T000324,C000237,2025-02-23,558000
T000325,C000711,2023-11-09,954000
T000326,C000724,2024-03-14,1677000
T000327,C000066,2025-04-29,3624000
T000328,C000418,2024-11-08,1987000
T000329,C000556,2025-08-12,2993000
T000330,C000426,2023-05-08,3282000
T000331,C000212,2025-05-10,1436000
T000332,C000399,2023-02-10,1767000
T000333,C000878,2025-02-18,2308000
T000334,C000489,2023-01-13,3911000
T000335,C000966,2024-12-21,3179000
T000336,C000306,2025-03-09,1725000
T000337,C000874,2025-05-08,3566000
T000338,C000552,2024-03-27,932000
T000339,C000500,2024-03-25,2845000
T000340,C000280,2025-06-11,3250000
T000341,C000498,2023-03-01,520000
T000342,C000399,2024-11-19,2590000
T000343,C000685,2025-04-08,2338000
T000344,C000742,2023-12-05,911000
T000345,C000861,2025-08-15,2579000
T000346,C000942,2023-09-19,2056000
T000347,C000638,2025-12-29,2235000
T000348,C000028,2025-03-17,656000
T000349,C000607,2023-02-25,2752000
T000350,C000086,2025-05-27,3395000
T000351,C000139,2025-08-03,3522000
T000352,C000187,2023-04-13,1900000
T000353,C000267,2025-02-15,2445000
T000354,C000336,2024-03-09,4839000
T000355,C000466,2024-10-31,2627000
T000356,C000346,2025-02-15,1536000
T000357,C000285,2025-05-13,1753000
T000358,C000259,2023-06-17,3723000
T000359,C000482,2023-02-09,1096000
T000360,C000768,2023-04-17,2719000
T000361,C000975,2024-12-17,1428000
T000362,C000230,2023-05-21,1987000
T000363,C000800,2023-03-24,1092000
T000364,C000773,2023-03-05,5653000
T000365,C000973,2024-05-21,2797000
T000366,C000205,2023-02-11,426000
T000367,C000637,2023-11-09,3751000
T000368,C000245,2023-09-16,4249000
T000369,C000485,2023-08-23,3215000
T000370,C000578,2024-03-22,4263000
T000371,C000477,2024-06-08,3076000
T000372,C000786,2025-01-25,2974000
T000373,C000172,2023-08-23,1013000
T000374,C000797,2023-12-02,3413000
T000375,C000988,2024-09-29,2345000
T000376,C000111,2023-02-22,740000
T000377,C000952,2024-09-30,3222000
T000378,C000590,2025-02-07,3976000
T000379,C000407,2024-02-11,962000
T000380,C000078,2024-05-12,3315000
T000381,C000105,2024-09-09,1031000
T000382,C000871,2023-09-05,4037000
T000383,C000816,2023-03-26,2189000
T000384,C000356,2025-12-27,1344000
T000385,C000439,2025-01-28,2903000
T000386,C000071,2025-11-02,918000
T000387,C000664,2024-11-29,1411000
T000388,C000013,2025-05-10,3375000
T000389,C000843,2025-09-30,3639000
T000390,C000109,2025-06-06,2257000
T000391,C000984,2025-01-11,1248000
T000392,C000651,2025-07-30,2182000
T000393,C000725,2023-11-10,2461000
T000394,C000446,2023-12-27,1552000
T000395,C000752,2025-12-04,4643000
T000396,C000989,2024-07-07,3263000
T000397,C000631,2025-09-17,4863000
T000398,C000477,2025-06-11,4917000
T000399,C000846,2024-07-03,741000
T000400,C000331,2024-05-17,1143000
T000401,C000851,2023-06-27,299000
T000402,C000286,2025-07-12,1060000
T000403,C000250,2025-08-09,756000
T000404,C000584,2025-02-15,1700000
T000405,C000345,2023-02-28,4795000
T000406,C000507,2024-10-27,1084000
T000407,C000187,2025-09-25,2192000
T000408,C000218,2024-12-27,603000
T000409,C000817,2024-06-13,1817000
T000410,C000349,2024-07-26,3062000
T000411,C000902,2024-07-19,802000
T000412,C000570,2023-01-21,300000
T000413,C000530,2024-01-27,2285000
T000414,C000088,2024-05-09,351000
T000415,C000738,2025-04-12,4818000
T000416,C000501,2024-05-07,1618000
T000417,C000708,2025-09-02,4239000
T000418,C000662,2025-10-02,1578000
T000419,C000459,2023-02-05,3525000
T000420,C000096,2024-08-25,3770000
T000421,C000227,2025-04-08,2893000
T000422,C000709,2024-05-13,1438000
T000423,C000314,2025-01-25,72000
T000424,C000485,2025-12-23,2179000
T000425,C000353,2025-05-21,3104000
T000426,C000764,2024-11-08,1944000
T000427,C000361,2025-07-18,652000
T000428,C000278,2024-09-19,1808000
T000429,C000258,2024-04-17,1256000
T000430,C000124,2024-01-30,2614000
T000431,C000324,2023-09-02,2802000
T000432,C000761,2024-01-15,3326000
T000433,C000197,2024-03-19,1569000
T000434,C000757,2025-09-18,2734000
T000435,C000284,2025-12-10,1416000
T000436,C000612,2024-08-02,4250000
T000437,C000103,2024-02-02,2263000
T000438,C000304,2024-04-10,1923000
T000439,C000370,2024-01-03,2488000
T000440,C000310,2023-01-29,34000
T000441,C000726,2025-12-29,485000
T000442,C000130,2024-07-15,3223000
T000443,C000047,2023-04-22,730000
T000444,C000567,2024-08-21,2575000
T000445,C000715,2023-09-16,3963000
T000446,C000654,2025-10-02,1566000
T000447,C000106,2023-01-26,879000
T000448,C000588,2024-08-05,1837000
T000449,C000481,2025-09-07,1364000
T000450,C000452,2024-11-28,3305000
T000451,C000189,2023-04-16,842000
T000452,C000259,2025-09-05,3786000
T000453,C000117,2023-05-14,979000
T000454,C000411,2025-10-04,526000
T000455,C000076,2023-04-20,5019000
T000456,C000156,2023-11-02,4232000
T000457,C000831,2024-09-14,3934000
T000458,C000088,2024-05-23,3148000
T000459,C000122,2025-05-02,1151000
T000460,C000621,2024-04-07,2966000
T000461,C000795,2025-12-06,2011000
T000462,C000390,2025-07-11,428000
T000463,C000931,2025-06-25,3309000
T000464,C000305,2025-05-28,1847000
T000465,C000313,2023-05-04,1330000
T000466,C000625,2023-07-23,2076000
T000467,C000971,2024-03-01,2473000
T000468,C000641,2024-03-08,60000
T000469,C000271,2023-06-16,3334000
T000470,C000161,2024-05-06,3561000
T000471,C000178,2023-06-03,2113000
T000472,C000161,2023-01-06,2249000
T000473,C000419,2025-07-11,564000
T000474,C000706,2025-08-20,2559000
T000475,C000299,2023-03-08,4542000
T000476,C000238,2024-08-13,219000
T000477,C000724,2024-08-02,4598000
T000478,C000720,2025-07-18,1520000
T000479,C000073,2024-04-23,813000
T000480,C000947,2024-06-25,5717000
T000481,C000807,2024-02-10,1350000
T000482,C000436,2023-08-24,4283000
T000483,C000558,2024-04-05,1930000
T000484,C000664,2023-11-02,5815000
T000485,C000931,2024-06-28,3419000
T000486,C000847,2023-10-19,731000
T000487,C000074,2023-05-03,3470000
T000488,C000170,2024-09-21,1527000
T000489,C000610,2024-08-14,1523000
T000490,C000450,2023-09-12,496000
T000491,C000480,2024-09-14,2696000
T000492,C000717,2025-04-04,2986000
T000493,C000966,2024-07-11,696000
T000494,C000513,2025-10-08,645000
T000495,C000449,2023-06-14,1128000
T000496,C000613,2023-03-23,670000
T000497,C000911,2025-06-03,2263000
T000498,C000753,2024-10-22,2465000
T000499,C000619,2024-05-27,478000
T000500,C000027,2023-07-07,452000
T000501,C000235,2023-02-12,4616000
T000502,C000784,2024-07-05,3841000
T000503,C000591,2023-03-24,3383000
T000504,C000782,2023-12-25,3307000
T000505,C000482,2025-11-28,1116000
T000506,C000668,2025-06-24,4132000
T000507,C000939,2024-07-23,3762000
T000508,C000186,2025-06-11,2256000
T000509,C000651,2025-10-04,6094000
T000510,C000993,2023-07-06,494000
T000511,C000482,2024-12-13,1711000
T000512,C000419,2024-11-13,4974000
T000513,C000329,2023-08-03,2015000
T000514,C000879,2023-11-26,2614000
T000515,C000338,2025-04-23,334000
T000516,C000711,2025-10-11,555000
T000517,C000296,2025-03-31,1001000
T000518,C000834,2023-03-17,792000
T000519,C000466,2023-06-30,2811000
T000520,C000323,2024-05-31,3867000
T000521,C000332,2023-08-26,800000
T000522,C000994,2025-04-07,636000
T000523,C000886,2025-11-19,1216000
T000524,C000845,2023-01-03,4582000
T000525,C000674,2025-08-04,382000
T000526,C000424,2023-04-22,3381000
T000527,C000193,2025-11-27,5092000
T000528,C000371,2025-10-17,2983000
T000529,C000641,2025-06-24,3157000
T000530,C000779,2023-04-16,337000
T000531,C000209,2024-06-30,1390000
T000532,C000563,2023-09-26,1799000
T000533,C000950,2024-08-12,1690000
T000534,C000449,2025-09-19,1106000
T000535,C000125,2023-03-01,230000
T000536,C000997,2024-05-05,2727000
T000537,C000727,2023-11-21,1386000
T000538,C000319,2023-01-29,1584000
T000539,C000566,2025-04-15,138000
T000540,C000096,2024-04-05,1056000
T000541,C000862,2023-08-21,1294000
T000542,C000473,2023-08-29,5112000
T000543,C000664,2023-11-12,2883000
T000544,C000511,2024-08-20,2031000
T000545,C000522,2024-07-13,1105000
T000546,C000426,2025-09-15,3101000
T000547,C000484,2024-05-14,3186000
T000548,C000468,2023-10-24,1564000
T000549,C000393,2024-01-26,3486000
T000550,C000944,2025-11-06,1356000
T000551,C000765,2023-10-07,2115000
T000552,C000885,2023-05-23,2572000
T000553,C000283,2025-04-29,395000
T000554,C000349,2025-11-05,5616000
T000555,C000274,2023-01-06,1954000
T000556,C000290,2024-09-03,1879000
T000557,C000858,2025-09-29,2490000
T000558,C000887,2023-11-01,1577000
T000559,C000458,2025-09-18,1317000
T000560,C000354,2024-11-11,2214000
T000561,C000566,2025-02-11,1817000
T000562,C000467,2024-10-21,3748000
T000563,C000891,2024-01-22,2218000
T000564,C000715,2024-05-04,515000
T000565,C000586,2025-02-23,351000
T000566,C000240,2025-04-21,2170000
T000567,C000045,2024-10-13,2395000
T000568,C000763,2025-08-26,2926000
T000569,C000723,2025-02-19,758000
T000570,C000396,2023-11-08,1302000
T000571,C000508,2023-03-17,4035000
T000572,C000130,2025-10-25,2001000
T000573,C000989,2024-11-10,1988000
T000574,C000891,2023-07-25,1532000
T000575,C000896,2025-06-20,232000
T000576,C000103,2025-12-13,1404000
T000577,C000933,2025-07-24,390000
T000578,C000016,2023-10-23,3100000
T000579,C000420,2023-11-13,439000
T000580,C000077,2025-08-19,1909000
T000581,C000801,2024-06-26,2029000
T000582,C000347,2025-03-25,1569000
T000583,C000666,2023-06-14,1666000
T000584,C000873,2024-11-03,3644000
T000585,C000873,2025-12-28,3182000
T000586,C000390,2024-10-10,713000
T000587,C000642,2025-09-26,2171000
T000588,C000894,2023-03-15,2973000
T000589,C000633,2023-05-21,4153000
T000590,C000241,2024-08-11,2289000
T000591,C000233,2023-07-05,833000
T000592,C000445,2023-07-21,2415000
T000593,C000779,2023-07-25,883000
T000594,C000455,2023-12-07,2542000
T000595,C000711,2024-09-05,875000
T000596,C000926,2023-03-01,2144000
T000597,C000048,2024-10-26,3250000
T000598,C000816,2023-04-25,4295000
T000599,C000301,2025-01-04,300000
T000600,C000384,2025-06-01,4175000
T000601,C000150,2024-05-15,3608000
T000602,C000544,2025-04-23,4988000
T000603,C000580,2024-01-04,4771000
T000604,C000175,2023-12-25,355000
T000605,C000081,2025-02-22,573000
T000606,C000635,2024-05-08,4048000
T000607,C000510,2023-10-21,2982000
T000608,C000238,2025-08-02,1772000
T000609,C000654,2024-06-04,2485000
T000610,C000471,2024-06-06,2836000
T000611,C000683,2023-01-20,672000
T000612,C000921,2025-08-10,5961000
T000613,C000923,2024-08-12,3216000
T000614,C000694,2023-11-20,2379000
T000615,C000076,2025-06-23,1263000
T000616,C000968,2024-12-08,4679000
T000617,C000602,2024-09-04,1916000
T000618,C000655,2025-05-18,776000
T000619,C000707,2024-05-27,1697000
T000620,C000468,2024-09-10,808000
T000621,C000204,2025-02-26,1299000
T000622,C000874,2025-09-16,137000
T000623,C000110,2024-04-30,1988000
T000624,C000391,2025-01-05,2351000
T000625,C000589,2024-08-28,1934000
T000626,C000717,2024-08-27,493000
T000627,C000023,2025-03-21,1962000
T000628,C000282,2023-01-17,671000
T000629,C000580,2023-04-11,4828000
T000630,C000933,2025-10-14,2872000
T000631,C000853,2024-08-09,4280000
T000632,C000795,2024-04-16,623000
T000633,C000622,2024-12-22,2905000
T000634,C000225,2024-01-25,204000
T000635,C000636,2024-05-28,2719000
T000636,C000695,2023-10-08,2001000
T000637,C000644,2023-07-18,2068000
T000638,C000926,2023-03-22,65000
T000639,C000317,2025-06-21,57000
T000640,C000035,2025-01-17,6177000
T000641,C000750,2023-09-27,2050000
T000642,C000093,2024-08-27,380000
T000643,C000335,2025-04-30,3507000
T000644,C000180,2024-02-16,2016000
T000645,C000136,2025-01-19,2297000
T000646,C000544,2025-10-24,2315000
T000647,C000936,2024-07-12,1839000
T000648,C000851,2023-12-03,4153000
T000649,C000264,2025-09-13,130000
T000650,C000991,2024-08-27,4775000
T000651,C000765,2024-11-24,2333000
T000652,C000824,2023-08-24,3709000
T000653,C000480,2023-06-04,3579000
T000654,C000145,2024-04-07,397000
T000655,C000881,2025-03-24,1674000
T000656,C000991,2025-01-19,5033000
T000657,C000093,2025-03-19,4000000
T000658,C000015,2024-06-25,416000
T000659,C000550,2023-09-11,1311000
T000660,C000466,2025-01-24,2499000
T000661,C000689,2024-06-20,2904000
T000662,C000599,2025-02-19,1910000
T000663,C000843,2025-01-30,1299000
T000664,C000111,2024-04-23,3473000
T000665,C000483,2023-02-21,1448000
T000666,C000635,2024-11-02,2782000
T000667,C000938,2024-03-29,3852000
T000668,C000664,2023-05-10,3332000
T000669,C000651,2025-08-08,715000
T000670,C000932,2024-09-10,3856000
T000671,C000665,2025-04-16,145000
T000672,C000120,2023-10-14,1611000
T000673,C000047,2023-03-18,354000
T000674,C000312,2025-10-05,2848000
T000675,C000119,2023-07-19,4846000
T000676,C000241,2023-10-05,3774000
T000677,C000398,2025-07-18,2120000
T000678,C000380,2025-05-08,1023000
T000679,C000602,2023-11-13,1891000
T000680,C000907,2025-04-29,2889000
T000681,C000671,2023-07-22,2772000
T000682,C000854,2025-09-29,2648000
T000683,C000631,2025-04-15,726000
T000684,C000962,2024-07-26,2444000
T000685,C000034,2025-01-28,1470000
T000686,C000223,2025-06-27,471000
T000687,C000456,2024-04-28,3739000
T000688,C000876,2025-01-12,1245000
T000689,C000102,2025-01-22,3191000
T000690,C000558,2025-01-04,2321000
T000691,C000063,2025-03-26,816000
T000692,C000283,2024-01-24,3400000
T000693,C000992,2023-09-08,2272000
T000694,C000972,2025-07-20,2194000
T000695,C000094,2024-03-10,3569000
T000696,C000658,2023-02-13,1931000
T000697,C000052,2024-11-14,4066000
T000698,C000250,2023-09-15,480000
T000699,C000806,2024-02-25,316000
T000700,C000071,2024-02-29,410000
T000701,C000601,2024-03-18,1848000
T000702,C000833,2024-04-22,620000
T000703,C000337,2023-10-30,1970000
T000704,C000808,2023-01-06,2553000
T000705,C000284,2023-10-24,5238000
T000706,C000134,2024-05-28,3036000
T000707,C000818,2023-12-24,3436000
T000708,C000113,2023-02-22,750000
T000709,C000135,2023-01-31,3339000
T000710,C000367,2024-05-02,1846000
T000711,C000603,2024-10-25,522000
T000712,C000017,2023-12-23,345000
T000713,C000272,2023-04-18,1540000
T000714,C000130,2025-05-12,620000
T000715,C000539,2023-08-21,1035000
T000716,C000764,2023-05-11,1684000
T000717,C000488,2025-07-07,1264000
T000718,C000797,2025-01-11,2676000
T000719,C000526,2023-08-12,458000
T000720,C000463,2025-10-28,450000
T000721,C000227,2023-03-30,3776000
T000722,C000745,2025-12-03,4417000
T000723,C000309,2025-07-27,3305000
T000724,C000659,2023-03-05,7167000
T000725,C000063,2025-09-07,1402000
T000726,C000868,2025-04-02,2791000
T000727,C000437,2023-08-10,1764000
T000728,C000503,2025-06-27,1372000
T000729,C000076,2023-06-15,1128000
T000730,C000330,2023-10-31,4354000
T000731,C000068,2023-09-16,2825000
T000732,C000282,2024-10-27,252000
T000733,C000391,2025-12-22,150000
T000734,C000302,2025-07-18,144000
T000735,C000518,2025-05-31,2919000
T000736,C000102,2023-08-23,873000
T000737,C000874,2024-03-16,2281000
T000738,C000441,2025-07-13,861000
T000739,C000910,2024-04-12,587000
T000740,C000424,2024-11-25,4372000
T000741,C000848,2025-07-17,1774000
T000742,C000409,2025-05-01,2342000
T000743,C000748,2023-07-14,3923000
T000744,C000321,2025-05-24,8069000
T000745,C000321,2024-06-06,764000
T000746,C000384,2023-11-09,4329000
T000747,C000704,2025-08-29,3334000
T000748,C000069,2023-07-06,2482000
T000749,C000852,2023-06-24,4127000
T000750,C000096,2025-06-03,2719000
T000751,C000099,2025-02-02,6087000
T000752,C000832,2023-09-24,2670000
T000753,C000570,2023-05-03,1913000
T000754,C000601,2024-11-06,1163000
T000755,C000687,2023-09-08,1632000
T000756,C000421,2024-12-25,1360000
T000757,C000895,2025-05-16,1358000
T000758,C000889,2023-04-16,931000
T000759,C000992,2024-08-12,1393000
T000760,C000615,2024-10-01,3011000
T000761,C000361,2023-08-01,1485000
T000762,C000592,2025-11-05,638000
T000763,C000218,2023-11-13,2133000
T000764,C000673,2025-09-14,690000
T000765,C000230,2023-08-10,3436000
T000766,C000359,2025-01-22,1837000
T000767,C000118,2024-07-24,825000
T000768,C000588,2024-04-08,359000
T000769,C000827,2025-05-28,764000
T000770,C000866,2023-02-23,753000
T000771,C000624,2024-07-01,3079000
T000772,C000030,2024-01-05,5763000
T000773,C000280,2024-09-24,2477000
T000774,C000944,2024-11-26,1491000
T000775,C000360,2023-01-13,6034000
T000776,C000186,2023-10-21,332000
T000777,C000580,2025-03-31,3387000
T000778,C000072,2023-10-18,2923000
T000779,C000759,2023-03-04,2110000
T000780,C000094,2025-12-22,19000
T000781,C000221,2025-02-09,1143000
T000782,C000430,2025-07-18,5329000
T000783,C000350,2023-11-19,2280000
T000784,C000379,2024-09-30,2175000
T000785,C000739,2024-10-26,477000
T000786,C000796,2023-06-23,3867000
T000787,C000905,2023-04-18,932000
T000788,C000160,2023-11-19,1952000
T000789,C000773,2023-04-12,2473000
T000790,C000691,2023-06-17,1394000
T000791,C000279,2025-06-26,7978000
T000792,C000678,2025-05-18,3934000
T000793,C000498,2025-06-24,1824000
T000794,C000425,2024-07-13,1847000
T000795,C000221,2025-11-15,1206000
T000796,C000117,2024-12-07,3351000
T000797,C000441,2023-08-16,890000
T000798,C000291,2025-09-23,3751000
T000799,C000540,2024-09-23,1929000
T000800,C000047,2024-03-27,2530000
T000801,C000405,2023-04-23,2360000
T000802,C000008,2024-02-23,4138000
T000803,C000309,2024-03-08,2417000
T000804,C000786,2023-10-09,217000
T000805,C000783,2024-06-07,4242000
T000806,C000297,2024-11-02,1774000
T000807,C000123,2023-01-16,4390000
T000808,C000510,2025-05-31,1831000
T000809,C000180,2023-09-22,3985000
T000810,C000390,2025-12-26,1284000
T000811,C000721,2024-04-16,1817000
T000812,C000513,2024-12-26,38000
T000813,C000074,2025-03-24,2278000
T000814,C000883,2023-03-28,4766000
T000815,C000447,2023-02-08,3238000
T000816,C000471,2023-06-09,2547000
T000817,C000883,2024-10-03,2700000
T000818,C000590,2025-05-29,3047000
T000819,C000588,2025-04-08,1469000
T000820,C000727,2025-05-05,4070000
T000821,C000297,2023-08-24,1732000
T000822,C000415,2023-02-12,230000
T000823,C000990,2024-10-27,6350000
T000824,C000176,2025-07-31,1867000
T000825,C000852,2025-01-11,4568000
T000826,C000091,2025-06-13,1976000
T000827,C000865,2023-08-05,1268000
T000828,C000250,2025-06-11,1754000
T000829,C000604,2025-03-31,4869000
T000830,C000537,2023-06-11,70000
T000831,C000406,2024-09-27,4110000
T000832,C000764,2024-11-26,5757000
T000833,C000227,2024-11-13,3839000
T000834,C000798,2023-12-11,1053000
T000835,C000079,2025-11-11,1825000
T000836,C000649,2023-08-22,262000
T000837,C000544,2025-11-10,2847000
T000838,C000199,2024-12-16,2007000
T000839,C000360,2023-10-30,3205000
T000840,C000242,2023-07-30,2382000
T000841,C000150,2024-06-08,6390000
T000842,C000203,2023-12-22,1445000
T000843,C000617,2023-11-10,740000
T000844,C000779,2023-06-04,3199000
T000845,C000182,2025-10-08,494000
T000846,C000476,2025-07-08,1393000
T000847,C000698,2024-10-23,90000
T000848,C000885,2024-10-09,2041000
T000849,C000155,2025-06-19,3763000
T000850,C000070,2025-08-18,632000
T000851,C000453,2024-09-12,3129000
T000852,C000816,2024-07-16,3500000
T000853,C000606,2023-04-26,2258000
T000854,C000361,2025-11-05,224000
T000855,C000076,2024-09-27,4584000
T000856,C000473,2025-07-14,448000
T000857,C000039,2023-04-27,1173000
T000858,C000378,2024-08-10,3431000
T000859,C000079,2023-07-04,1886000
T000860,C000630,2025-11-04,1458000
T000861,C000394,2025-08-05,3990000
T000862,C000595,2023-03-26,2958000
T000863,C000461,2024-01-21,2946000
T000864,C000330,2025-09-01,3410000
T000865,C000514,2023-11-05,4293000
T000866,C000981,2023-05-07,212000
T000867,C000462,2023-07-31,1694000
T000868,C000831,2024-12-04,2748000
T000869,C000732,2023-06-22,3165000
T000870,C000517,2023-12-20,171000
T000871,C000041,2024-05-22,3418000
T000872,C000725,2025-06-15,4816000
T000873,C000450,2025-12-09,1274000
T000874,C000536,2023-11-22,3974000
T000875,C000373,2025-02-02,2963000
T000876,C000940,2024-08-02,1512000
T000877,C000397,2025-04-17,1796000
T000878,C000794,2024-11-23,2655000
T000879,C000696,2023-04-18,3051000
T000880,C000809,2024-11-16,4553000
T000881,C000068,2024-11-06,335000
T000882,C000097,2025-03-02,4346000
T000883,C000291,2024-05-31,438000
T000884,C000742,2023-11-04,1440000
T000885,C000342,2023-06-16,3998000
T000886,C000597,2023-10-17,1727000
T000887,C000939,2024-12-17,202000
T000888,C000318,2025-03-13,699000
T000889,C000133,2023-06-23,3720000
T000890,C000318,2025-02-10,3135000
T000891,C000659,2024-11-03,1530000
T000892,C000833,2023-09-19,2029000
T000893,C000687,2025-12-14,760000
T000894,C000096,2025-05-17,1381000
T000895,C000521,2025-01-11,2206000
T000896,C000019,2025-01-12,1488000
T000897,C000317,2024-01-05,4452000
T000898,C000974,2024-03-14,1075000
T000899,C000350,2025-09-22,351000
T000900,C000197,2024-04-08,495000
T000901,C000141,2023-11-14,2978000
T000902,C000080,2024-08-28,3586000
T000903,C000865,2023-07-27,618000
T000904,C000520,2025-12-14,496000
T000905,C000039,2024-11-20,675000
T000906,C000898,2023-09-26,787000
T000907,C000612,2025-02-10,4022000
T000908,C000158,2023-11-29,3471000
T000909,C000186,2023-12-06,2463000
T000910,C000739,2025-06-15,1520000
T000911,C000045,2025-04-21,5169000
T000912,C000374,2024-05-01,3432000
T000913,C000993,2025-06-28,4768000
T000914,C000626,2024-08-06,4629000
T000915,C000771,2025-07-08,1617000
T000916,C000240,2025-12-29,726000
T000917,C000245,2024-09-25,4492000
T000918,C000989,2025-08-18,2024000
T000919,C000926,2024-02-02,2375000
T000920,C000377,2025-06-21,65000
T000921,C000473,2024-07-31,4243000
T000922,C000797,2025-02-21,2062000
T000923,C000515,2025-12-16,1286000
T000924,C000429,2023-11-28,10000
T000925,C000837,2024-02-13,2034000
T000926,C000821,2023-10-11,2746000
T000927,C000894,2024-05-27,3015000
T000928,C000054,2025-09-11,1547000
T000929,C000896,2025-01-30,2036000
T000930,C000568,2023-07-30,3282000
T000931,C000729,2025-11-22,1002000
T000932,C000872,2023-09-13,2574000
T000933,C000292,2023-06-21,585000
T000934,C000782,2023-11-25,328000
T000935,C000280,2025-07-09,3965000
T000936,C000928,2025-11-17,2380000
T000937,C000151,2025-06-14,1857000
T000938,C000094,2024-03-30,4751000
T000939,C000837,2025-07-12,895000
T000940,C000906,2024-12-16,4338000
T000941,C000953,2023-02-24,411000
T000942,C000425,2023-04-20,3287000
T000943,C000406,2025-10-25,2573000
T000944,C000383,2024-04-27,368000
T000945,C000396,2023-06-17,102000
T000946,C000384,2024-04-04,3106000
T000947,C000029,2024-10-14,1939000
T000948,C000954,2023-07-22,2244000
T000949,C000860,2024-11-17,3847000
T000950,C000811,2023-10-27,386000
T000951,C000141,2023-03-20,4695000
T000952,C000294,2025-08-25,6518000
T000953,C000713,2023-10-12,390000
T000954,C000778,2025-08-18,3499000
T000955,C000460,2023-01-11,3509000
T000956,C000928,2023-06-12,4757000
T000957,C000020,2024-06-08,207000
T000958,C000221,2023-11-03,1313000
T000959,C000562,2025-12-16,1582000
T000960,C000434,2023-08-16,2757000
T000961,C000795,2024-08-13,3400000
T000962,C000244,2024-09-08,1407000
T000963,C000125,2023-04-08,4757000
T000964,C000245,2025-05-09,4484000
T000965,C000655,2025-07-25,1317000
T000966,C000065,2023-08-16,1833000
T000967,C000857,2025-10-20,3504000
T000968,C000612,2023-02-03,4116000
T000969,C000648,2025-11-21,596000
T000970,C000589,2024-05-10,2872000
T000971,C000736,2023-10-22,745000
T000972,C000299,2025-05-29,1872000
T000973,C000002,2024-12-23,2508000
T000974,C000247,2025-05-03,2899000
T000975,C000192,2023-06-25,4104000
T000976,C000537,2025-01-08,3271000
T000977,C000070,2025-12-13,242000
T000978,C000558,2025-11-05,1994000
T000979,C000806,2025-11-05,372000
T000980,C000568,2023-02-11,1100000
T000981,C000400,2025-08-20,236000
T000982,C000045,2025-03-03,1135000
T000983,C000383,2024-06-03,1464000
T000984,C000766,2023-02-03,3897000
T000985,C000366,2023-05-19,1866000
T000986,C000354,2024-05-08,24000
T000987,C000751,2023-08-01,1389000
T000988,C000791,2024-11-11,1934000
T000989,C000137,2023-04-01,4173000
T000990,C000361,2024-11-24,190000
T000991,C000834,2023-12-25,3240000
T000992,C000851,2025-08-09,1743000
T000993,C000713,2025-09-07,2694000
T000994,C000647,2024-01-09,870000
T000995,C000831,2023-10-04,2908000
T000996,C000065,2025-07-26,2910000
T000997,C000038,2024-08-23,1794000
T000998,C000207,2023-03-31,2172000
T000999,C000811,2024-02-13,4720000
T001000,C000908,2023-03-27,3059000
